codigo_empresa;tipo_colaborador;cadastro_colaborador;data_pagamento;codigo_tabela_eventos;codigo_evento;referencia_evento;valor_evento
8;1;140686;25/11/2005;1;1955;0,00;14522,00
8;1;140686;25/11/2005;1;2004;0,00;3528,20
8;1;152790;14/05/2019;1;1955;0,00;684,63
8;1;250538;29/12/2020;1;368;2,00;2706,06
8;1;252409;08/09/2009;1;200;18,00;3,44
8;1;252409;08/09/2009;1;222;0,00;0,21
8;1;252409;08/09/2009;1;365;0,00;1,32
8;1;252409;08/09/2009;1;366;0,00;21,13
8;1;252409;08/09/2009;1;403;0,00;2,25
8;1;252409;08/09/2009;1;659;0,00;1,43
8;1;252409;08/09/2009;1;850;8,00;3,82
8;1;252409;08/09/2009;1;2000;8,00;2,26
8;1;252409;08/09/2009;1;2003;8,00;0,30
8;1;252409;08/09/2009;1;2500;8,00;2,26
8;1;252409;08/09/2009;1;2505;0,00;3,82
8;1;252409;08/09/2009;1;9030;8,00;0,30
8;1;258211;09/11/2009;1;200;22,00;5,67
8;1;258211;09/11/2009;1;366;0,00;7,73
8;1;258211;09/11/2009;1;367;0,00;1,16
8;1;258211;09/11/2009;1;650;12,00;7,73
8;1;258211;09/11/2009;1;651;6,00;3,86
8;1;258211;09/11/2009;1;659;0,00;3,86
8;1;258211;09/11/2009;1;850;7,00;4,50
8;1;258211;09/11/2009;1;900;0,00;0,64
8;1;258211;09/11/2009;1;950;0,00;7,73
8;1;258211;09/11/2009;1;1967;0,00;0,85
8;1;258211;09/11/2009;1;2000;8,00;1,23
8;1;258211;09/11/2009;1;2003;8,00;0,36
8;1;258211;09/11/2009;1;2505;0,00;5,14
8;1;260096;21/05/2010;1;248;0,00;61,80
8;1;260321;19/02/2015;1;1966;0,00;262,25
8;1;260495;28/06/2021;1;200;67,00;3028,00
8;1;260495;28/06/2021;1;222;0,00;757,00
8;1;260495;28/06/2021;1;651;2,00;245,80
8;1;260495;28/06/2021;1;659;0,00;81,93
8;1;260495;28/06/2021;1;850;3,00;368,70
8;1;260495;28/06/2021;1;2000;10,07;381,17
8;1;260495;28/06/2021;1;2003;7,50;27,65
8;1;260495;28/06/2021;1;2004;15,00;155,77
8;1;260495;28/06/2021;1;2500;8,00;302,80
8;1;260495;28/06/2021;1;2505;0,00;368,70
8;1;260495;28/06/2021;1;9030;8,00;29,49
8;1;263664;01/12/2015;1;200;16,00;2,29
8;1;263664;01/12/2015;1;222;0,00;0,35
8;1;263664;01/12/2015;1;363;0,00;4,65
8;1;263664;01/12/2015;1;364;0,00;40,00
8;1;263664;01/12/2015;1;365;0,00;3,30
8;1;263664;01/12/2015;1;366;0,00;21,45
8;1;263664;01/12/2015;1;650;12,00;4,95
8;1;263664;01/12/2015;1;651;4,00;1,65
8;1;263664;01/12/2015;1;659;0,00;2,20
8;1;263664;01/12/2015;1;850;8,00;3,30
8;1;263664;01/12/2015;1;900;3,00;1,23
8;1;263664;01/12/2015;1;950;90,00;14,85
8;1;263664;01/12/2015;1;1972;0,00;10,00
8;1;263664;01/12/2015;1;2000;8,00;6,56
8;1;263664;01/12/2015;1;2003;8,00;0,26
8;1;263664;01/12/2015;1;2505;0,00;4,53
8;1;268313;08/09/2009;1;200;1,00;0,19
8;1;268313;08/09/2009;1;222;0,00;0,01
8;1;268313;08/09/2009;1;363;0,00;1,08
8;1;268313;08/09/2009;1;365;0,00;0,61
8;1;268313;08/09/2009;1;366;0,00;14,38
8;1;268313;08/09/2009;1;651;7,00;3,35
8;1;268313;08/09/2009;1;659;0,00;1,12
8;1;268313;08/09/2009;1;850;6,00;2,86
8;1;268313;08/09/2009;1;900;0,00;0,48
8;1;268313;08/09/2009;1;950;0,00;5,73
8;1;268313;08/09/2009;1;2000;8,00;1,30
8;1;268313;08/09/2009;1;2003;8,00;0,22
8;1;268313;08/09/2009;1;2505;0,00;3,34
8;1;273015;09/02/2012;1;200;15,00;4,91
8;1;273015;09/02/2012;1;222;0,00;0,45
8;1;273015;09/02/2012;1;280;0,00;0,99
8;1;273015;09/02/2012;1;365;0,00;1,78
8;1;273015;09/02/2012;1;366;0,00;19,68
8;1;273015;09/02/2012;1;650;12,00;10,72
8;1;273015;09/02/2012;1;651;2,00;1,79
8;1;273015;09/02/2012;1;659;0,00;4,17
8;1;273015;09/02/2012;1;850;8,00;7,15
8;1;273015;09/02/2012;1;950;30,00;10,72
8;1;273015;09/02/2012;1;2000;8,00;2,22
8;1;273015;09/02/2012;1;2003;8,00;0,57
8;1;273015;09/02/2012;1;2505;0,00;7,15
8;1;279617;12/12/2005;1;222;0,00;0,55
8;1;279617;12/12/2005;1;223;0,00;1,65
8;1;279617;12/12/2005;1;366;0,00;29,28
8;1;279617;12/12/2005;1;650;0,00;1,65
8;1;279617;12/12/2005;1;651;0,00;0,41
8;1;279617;12/12/2005;1;659;0,00;0,68
8;1;279617;12/12/2005;1;850;0,00;0,13
8;1;279617;12/12/2005;1;900;0,00;0,13
8;1;279617;12/12/2005;1;950;0,00;1,65
8;1;279617;12/12/2005;1;2000;7,65;2,41
8;1;279617;12/12/2005;1;2003;7,65;0,01
8;1;279617;12/12/2005;1;2500;8,50;2,82
8;1;279617;12/12/2005;1;2505;0,00;0,26
8;1;279617;12/12/2005;1;9030;8,50;0,02
8;1;280348;02/12/2011;1;200;1,00;1,98
8;1;280348;02/12/2011;1;247;0,00;359,00
8;1;280348;02/12/2011;1;364;0,00;6,96
8;1;280348;02/12/2011;1;366;0,00;22,29
8;1;280348;02/12/2011;1;367;0,00;3,30
8;1;280348;02/12/2011;1;651;9,00;44,58
8;1;280348;02/12/2011;1;659;0,00;14,86
8;1;280348;02/12/2011;1;850;8,00;39,63
8;1;280348;02/12/2011;1;900;0,00;4,95
8;1;280348;02/12/2011;1;950;30,00;59,44
8;1;280348;02/12/2011;1;2000;8,00;2,76
8;1;280348;02/12/2011;1;2003;8,00;3,17
8;1;280348;02/12/2011;1;2505;0,00;44,58
8;1;283380;23/02/2017;1;222;0,00;29,08
8;1;283380;23/02/2017;1;223;0,00;2144,21
8;1;283380;23/02/2017;1;651;12,00;67,11
8;1;283380;23/02/2017;1;659;0,00;22,37
8;1;283380;23/02/2017;1;850;1,00;5,59
8;1;283380;23/02/2017;1;900;2,00;11,18
8;1;283380;23/02/2017;1;950;90,00;201,33
8;1;283380;23/02/2017;1;2000;9,00;195,59
8;1;283380;23/02/2017;1;2003;8,00;0,44
8;1;283380;23/02/2017;1;2505;0,00;16,77
8;1;284262;14/05/2019;1;1955;0,00;416,18
8;1;284432;09/01/2006;1;368;0,00;115,68
8;1;284556;01/12/2014;1;222;0,00;7,10
8;1;284556;01/12/2014;1;650;12,00;31,05
8;1;284556;01/12/2014;1;651;2,00;5,12
8;1;284556;01/12/2014;1;659;0,00;12,06
8;1;284556;01/12/2014;1;850;3,00;7,75
8;1;284556;01/12/2014;1;950;81,00;83,84
8;1;284556;01/12/2014;1;2000;8,00;0,56
8;1;284556;01/12/2014;1;2003;8,00;0,62
8;1;284556;01/12/2014;1;2505;0,00;7,75
8;1;284939;01/06/2006;1;257;2,00;10,91
8;1;284939;01/06/2006;1;259;5,00;36,37
8;1;284939;01/06/2006;1;265;0,00;11,82
8;1;284939;01/06/2006;1;2000;7,65;4,52
8;1;289280;29/12/2009;1;200;22,00;2,03
8;1;289280;29/12/2009;1;222;0,00;0,07
8;1;289280;29/12/2009;1;247;0,00;276,00
8;1;289280;29/12/2009;1;257;4,54;0,14
8;1;289280;29/12/2009;1;265;0,00;0,03
8;1;289280;29/12/2009;1;364;0,00;1,33
8;1;289280;29/12/2009;1;365;0,00;0,20
8;1;289280;29/12/2009;1;366;0,00;8,39
8;1;289280;29/12/2009;1;650;12,00;2,86
8;1;289280;29/12/2009;1;651;1,00;0,24
8;1;289280;29/12/2009;1;659;0,00;1,03
8;1;289280;29/12/2009;1;850;7,00;1,67
8;1;289280;29/12/2009;1;900;0,00;0,24
8;1;289280;29/12/2009;1;950;0,00;2,86
8;1;289280;29/12/2009;1;2000;8,00;0,97
8;1;289280;29/12/2009;1;2003;8,00;0,13
8;1;289280;29/12/2009;1;2505;0,00;1,91
8;1;292796;12/01/2012;1;200;1,00;0,13
8;1;292796;12/01/2012;1;651;5,00;1,68
8;1;292796;12/01/2012;1;659;0,00;0,56
8;1;292796;12/01/2012;1;850;3,00;1,01
8;1;292796;12/01/2012;1;900;0,00;0,33
8;1;292796;12/01/2012;1;950;1,00;4,07
8;1;292796;12/01/2012;1;2000;8,00;0,01
8;1;292796;12/01/2012;1;2003;8,00;0,08
8;1;292796;12/01/2012;1;2505;0,00;1,34
8;1;294500;02/02/2022;1;365;0,00;26,40
8;1;294500;02/02/2022;1;366;0,00;222,30
8;1;294500;02/02/2022;1;2000;7,50;18,65
8;1;294500;02/02/2022;1;2500;8,00;19,89
8;1;298026;15/11/2010;1;394;0,00;297,50
8;1;298220;03/01/2013;1;361;0,00;47,20
4;1;299774;30/04/2010;1;1955;0,00;961,00
8;1;301337;21/09/2009;1;200;0,00;0,39
8;1;301337;21/09/2009;1;222;0,00;0,02
8;1;301337;21/09/2009;1;364;0,00;14,10
8;1;301337;21/09/2009;1;365;0,00;1,74
8;1;301337;21/09/2009;1;366;0,00;35,19
8;1;301337;21/09/2009;1;368;24,00;13,59
8;1;301337;21/09/2009;1;650;12,00;17,01
8;1;301337;21/09/2009;1;651;3,00;4,25
8;1;301337;21/09/2009;1;659;0,00;7,09
8;1;301337;21/09/2009;1;850;8,00;11,33
8;1;301337;21/09/2009;1;900;0,00;1,42
8;1;301337;21/09/2009;1;950;0,00;17,01
8;1;301337;21/09/2009;1;1957;0,00;0,15
8;1;301337;21/09/2009;1;2000;8,00;4,12
8;1;301337;21/09/2009;1;2003;8,00;0,90
8;1;301337;21/09/2009;1;2505;0,00;12,75
8;1;302171;01/12/2014;1;204;1,00;2,80
8;1;302171;01/12/2014;1;222;0,00;2,81
8;1;302171;01/12/2014;1;558;0,00;0,93
8;1;302171;01/12/2014;1;651;10,00;70,18
8;1;302171;01/12/2014;1;659;0,00;23,39
8;1;302171;01/12/2014;1;850;3,00;21,05
8;1;302171;01/12/2014;1;900;3,00;21,05
8;1;302171;01/12/2014;1;950;78,00;218,99
8;1;302171;01/12/2014;1;2000;8,00;0,52
8;1;302171;01/12/2014;1;2003;8,00;1,68
8;1;302171;01/12/2014;1;2505;0,00;42,10
8;1;303810;01/12/2010;1;247;0,00;296,00
8;1;304883;17/12/2005;1;1972;0,00;35,72
8;1;304883;17/12/2005;1;2000;7,65;2,73
8;1;304883;17/12/2005;1;2500;8,50;3,04
8;1;307475;12/01/2012;1;200;13,00;1,42
8;1;307475;12/01/2012;1;365;0,00;0,13
8;1;307475;12/01/2012;1;366;0,00;3,26
8;1;307475;12/01/2012;1;651;4,00;1,09
8;1;307475;12/01/2012;1;659;0,00;0,36
8;1;307475;12/01/2012;1;850;4,00;1,09
8;1;307475;12/01/2012;1;900;0,00;0,27
8;1;307475;12/01/2012;1;950;1,00;3,27
8;1;307475;12/01/2012;1;2000;8,00;0,38
8;1;307475;12/01/2012;1;2003;8,00;0,08
8;1;307475;12/01/2012;1;2505;0,00;1,36
8;1;308900;18/08/2009;1;368;10,00;286,40
8;1;308960;12/12/2005;1;222;0,00;1,86
8;1;308960;12/12/2005;1;223;0,00;4,21
8;1;308960;12/12/2005;1;366;0,00;29,28
8;1;308960;12/12/2005;1;651;0,00;0,55
8;1;308960;12/12/2005;1;659;0,00;0,18
8;1;308960;12/12/2005;1;850;0,00;0,93
8;1;308960;12/12/2005;1;900;0,00;0,18
8;1;308960;12/12/2005;1;950;0,00;2,24
8;1;308960;12/12/2005;1;2000;7,65;2,70
8;1;308960;12/12/2005;1;2003;7,65;0,07
8;1;308960;12/12/2005;1;2500;8,50;3,20
8;1;308960;12/12/2005;1;2505;0,00;1,11
8;1;308960;12/12/2005;1;9030;8,50;0,09
8;1;310425;09/11/2009;1;200;1,00;0,07
8;1;310425;09/11/2009;1;364;0,00;4,05
8;1;310425;09/11/2009;1;365;0,00;0,36
8;1;310425;09/11/2009;1;366;0,00;6,99
8;1;310425;09/11/2009;1;650;12,00;2,33
8;1;310425;09/11/2009;1;651;1,00;0,20
8;1;310425;09/11/2009;1;659;0,00;0,84
8;1;310425;09/11/2009;1;850;5,00;0,97
8;1;310425;09/11/2009;1;900;0,00;0,20
8;1;310425;09/11/2009;1;950;0,00;2,33
8;1;310425;09/11/2009;1;2000;8,00;0,91
8;1;310425;09/11/2009;1;2003;8,00;0,07
8;1;310425;09/11/2009;1;2505;0,00;1,17
8;1;310824;21/12/2009;1;200;6,00;0,65
8;1;310824;21/12/2009;1;222;0,00;0,03
8;1;310824;21/12/2009;1;651;11,00;3,13
8;1;310824;21/12/2009;1;659;0,00;1,04
8;1;310824;21/12/2009;1;850;3,00;0,85
8;1;310824;21/12/2009;1;900;0,00;0,28
8;1;310824;21/12/2009;1;950;0,00;3,41
8;1;310824;21/12/2009;1;2000;8,00;0,05
8;1;310824;21/12/2009;1;2003;8,00;0,06
8;1;310824;21/12/2009;1;2505;0,00;1,13
8;1;313270;01/05/2007;1;1972;0,00;45,00
8;1;313270;01/05/2007;1;2000;7,65;3,44
8;1;313270;01/05/2007;1;2500;8,00;3,60
8;1;313505;02/05/2019;1;1955;0,00;672,48
4;1;314331;30/04/2025;1;1955;0,00;34646,00
4;1;314331;30/04/2025;1;2012;0,00;6403,87
4;1;317837;25/04/2019;1;1955;0,00;27133,46
4;1;317837;25/04/2019;1;2012;0,00;4410,17
8;1;319589;12/01/2012;1;200;16,00;2,24
8;1;319589;12/01/2012;1;365;0,00;0,16
8;1;319589;12/01/2012;1;366;0,00;4,20
8;1;319589;12/01/2012;1;651;12,00;4,20
8;1;319589;12/01/2012;1;659;0,00;1,40
8;1;319589;12/01/2012;1;850;5,00;1,75
8;1;319589;12/01/2012;1;2000;8,00;0,52
8;1;319589;12/01/2012;1;2003;8,00;0,14
8;1;319589;12/01/2012;1;2500;8,00;0,52
8;1;319589;12/01/2012;1;2505;0,00;1,75
8;1;319589;12/01/2012;1;9030;8,00;0,14
8;1;320722;08/09/2009;1;200;3,00;0,57
8;1;320722;08/09/2009;1;222;0,00;0,01
8;1;320722;08/09/2009;1;650;1,00;5,73
8;1;320722;08/09/2009;1;651;9,00;4,30
8;1;320722;08/09/2009;1;659;0,00;1,43
8;1;320722;08/09/2009;1;900;0,00;0,47
8;1;320722;08/09/2009;1;950;0,00;6,20
8;1;320722;08/09/2009;1;2000;8,00;0,04
8;1;320722;08/09/2009;1;2505;0,00;0,47
8;1;322547;13/12/2010;1;200;1,00;0,16
8;1;322547;13/12/2010;1;222;0,00;0,01
8;1;322547;13/12/2010;1;248;0,00;0,15
8;1;322547;13/12/2010;1;361;0,00;18,07
8;1;322547;13/12/2010;1;366;0,00;22,85
8;1;322547;13/12/2010;1;367;0,00;0,80
8;1;322547;13/12/2010;1;368;55,00;82,40
8;1;322547;13/12/2010;1;650;12,00;4,68
8;1;322547;13/12/2010;1;651;1,00;0,39
8;1;322547;13/12/2010;1;659;0,00;1,69
8;1;322547;13/12/2010;1;850;8,00;3,16
8;1;322547;13/12/2010;1;900;0,00;0,39
8;1;322547;13/12/2010;1;950;0,00;4,68
8;1;322547;13/12/2010;1;2000;8,00;1,90
8;1;322547;13/12/2010;1;2003;8,00;0,25
8;1;322547;13/12/2010;1;2505;0,00;3,55
8;1;323306;20/04/2006;1;265;0,00;2,92
8;1;323306;20/04/2006;1;286;2,00;11,68
8;1;323306;20/04/2006;1;1972;0,00;18,50
8;1;323306;20/04/2006;1;2000;7,65;2,53
8;1;323543;31/05/2012;1;395;0,00;35,00
8;1;323543;31/05/2012;1;2000;8,00;2,80
8;1;324213;04/02/2011;1;200;14,00;2,77
8;1;324213;04/02/2011;1;222;0,00;0,12
8;1;324213;04/02/2011;1;365;0,00;0,86
8;1;324213;04/02/2011;1;366;0,00;24,40
8;1;324213;04/02/2011;1;368;30,00;45,00
8;1;324213;04/02/2011;1;403;0,00;6,39
8;1;324213;04/02/2011;1;650;12,00;5,93
8;1;324213;04/02/2011;1;659;0,00;1,98
8;1;324213;04/02/2011;1;850;9,00;4,45
8;1;324213;04/02/2011;1;900;0,00;0,49
8;1;324213;04/02/2011;1;950;0,00;5,93
8;1;324213;04/02/2011;1;2000;8,00;2,76
8;1;324213;04/02/2011;1;2003;8,00;0,35
8;1;324213;04/02/2011;1;2505;0,00;4,94
8;1;324337;24/01/2011;1;200;14,00;2,77
8;1;324337;24/01/2011;1;222;0,00;0,09
8;1;324337;24/01/2011;1;365;0,00;1,26
8;1;324337;24/01/2011;1;366;0,00;29,33
8;1;324337;24/01/2011;1;368;30,00;45,00
8;1;324337;24/01/2011;1;650;12,00;6,40
8;1;324337;24/01/2011;1;659;0,00;2,13
8;1;324337;24/01/2011;1;850;9,00;4,80
8;1;324337;24/01/2011;1;900;0,00;0,53
8;1;324337;24/01/2011;1;950;0,00;6,40
8;1;324337;24/01/2011;1;2000;8,00;2,67
8;1;324337;24/01/2011;1;2003;8,00;0,38
8;1;324337;24/01/2011;1;2505;0,00;5,33
8;1;324388;08/12/2009;1;200;11,00;2,01
8;1;324388;08/12/2009;1;222;0,00;0,04
8;1;324388;08/12/2009;1;248;0,00;1,36
8;1;324388;08/12/2009;1;361;0,00;14,34
8;1;324388;08/12/2009;1;365;0,00;0,33
8;1;324388;08/12/2009;1;366;0,00;21,29
8;1;324388;08/12/2009;1;368;30,00;37,00
8;1;324388;08/12/2009;1;651;10,00;4,65
8;1;324388;08/12/2009;1;659;0,00;1,55
8;1;324388;08/12/2009;1;850;7,00;3,25
8;1;324388;08/12/2009;1;900;0,00;0,44
8;1;324388;08/12/2009;1;950;0,00;5,58
8;1;324388;08/12/2009;1;2000;8,00;1,89
8;1;324388;08/12/2009;1;2003;8,00;0,26
8;1;324388;08/12/2009;1;2505;0,00;3,69
8;1;325872;28/12/2005;1;222;0,00;0,17
8;1;325872;28/12/2005;1;223;0,00;4,02
8;1;325872;28/12/2005;1;364;0,00;0,16
8;1;325872;28/12/2005;1;366;0,00;24,19
8;1;325872;28/12/2005;1;651;0,00;0,51
8;1;325872;28/12/2005;1;659;0,00;0,17
8;1;325872;28/12/2005;1;850;0,00;0,37
8;1;325872;28/12/2005;1;900;0,00;0,07
8;1;325872;28/12/2005;1;950;0,00;0,89
8;1;325872;28/12/2005;1;2000;7,65;2,18
8;1;325872;28/12/2005;1;2003;7,65;0,03
8;1;325872;28/12/2005;1;2500;8,50;2,50
8;1;325872;28/12/2005;1;2505;0,00;0,44
8;1;325872;28/12/2005;1;9030;8,50;0,04
8;1;325902;22/10/2009;1;200;1,00;0,18
8;1;325902;22/10/2009;1;222;0,00;0,01
8;1;325902;22/10/2009;1;249;0,00;21,93
8;1;325902;22/10/2009;1;365;0,00;0,22
8;1;325902;22/10/2009;1;366;0,00;12,20
8;1;325902;22/10/2009;1;651;11,00;5,17
8;1;325902;22/10/2009;1;659;0,00;1,72
8;1;325902;22/10/2009;1;850;9,00;4,18
8;1;325902;22/10/2009;1;900;0,00;0,46
8;1;325902;22/10/2009;1;2000;8,00;2,76
8;1;325902;22/10/2009;1;2003;8,00;0,33
8;1;325902;22/10/2009;1;2500;8,00;2,76
8;1;325902;22/10/2009;1;2505;0,00;4,64
8;1;325902;22/10/2009;1;9030;8,00;0,37
8;1;327972;20/12/2010;1;200;1,00;0,16
8;1;327972;20/12/2010;1;222;0,00;0,01
8;1;327972;20/12/2010;1;248;0,00;0,15
8;1;327972;20/12/2010;1;361;0,00;18,50
8;1;327972;20/12/2010;1;366;0,00;23,50
8;1;327972;20/12/2010;1;367;0,00;1,00
8;1;327972;20/12/2010;1;368;55,00;82,40
8;1;327972;20/12/2010;1;651;9,00;3,51
8;1;327972;20/12/2010;1;659;0,00;1,17
8;1;327972;20/12/2010;1;850;8,00;3,12
8;1;327972;20/12/2010;1;900;0,00;0,39
8;1;327972;20/12/2010;1;950;0,00;4,68
8;1;327972;20/12/2010;1;2000;8,00;1,97
8;1;327972;20/12/2010;1;2003;8,00;0,24
8;1;327972;20/12/2010;1;2505;0,00;3,51
8;1;331309;09/01/2006;1;368;0,00;219,56
8;1;332429;02/05/2019;1;1955;0,00;3245,00
8;1;332755;02/05/2019;1;1955;0,00;1365,57
8;1;333085;13/06/2006;1;265;0,00;0,16
8;1;333085;13/06/2006;1;379;0,00;0,66
8;1;333085;13/06/2006;1;2000;7,65;0,06
8;1;336718;12/12/2005;1;357;0,00;8,78
8;1;336718;12/12/2005;1;362;0,00;26,35
8;1;336718;12/12/2005;1;366;0,00;29,28
8;1;336718;12/12/2005;1;2000;7,65;4,93
8;1;336718;12/12/2005;1;2500;8,50;5,47
8;1;336874;08/05/2006;1;651;0,00;57,74
8;1;336874;08/05/2006;1;659;0,00;19,25
8;1;336874;08/05/2006;1;850;0,00;57,74
8;1;336874;08/05/2006;1;950;0,00;346,50
8;1;336874;08/05/2006;1;2003;7,65;4,42
8;1;336874;08/05/2006;1;2505;0,00;57,74
8;1;337137;19/05/2020;1;558;0,00;208,41
8;1;337137;19/05/2020;1;2000;7,50;15,63
8;1;337137;19/05/2020;1;2500;8,00;16,67
8;1;337862;13/02/2006;1;366;0,00;24,19
8;1;337862;13/02/2006;1;2000;7,65;1,85
8;1;338206;01/12/2014;1;222;0,00;5,98
8;1;338206;01/12/2014;1;265;0,00;0,22
8;1;338206;01/12/2014;1;286;1,36;0,75
8;1;338206;01/12/2014;1;365;0,00;119,64
8;1;338206;01/12/2014;1;650;12,00;29,81
8;1;338206;01/12/2014;1;651;3,00;5,98
8;1;338206;01/12/2014;1;850;7,00;17,45
8;1;338206;01/12/2014;1;2000;8,00;10,12
8;1;338206;01/12/2014;1;2003;8,00;1,39
8;1;338206;01/12/2014;1;2500;8,00;10,12
8;1;338206;01/12/2014;1;2505;0,00;17,45
8;1;338206;01/12/2014;1;9030;8,00;1,39
4;1;338982;30/04/2024;1;1955;12,00;50376,00
4;1;338982;30/04/2024;1;2012;0,00;10729,62
8;1;339946;09/11/2009;1;200;14,00;4,95
8;1;339946;09/11/2009;1;222;0,00;0,10
8;1;339946;09/11/2009;1;361;0,00;4,70
8;1;339946;09/11/2009;1;365;0,00;0,21
8;1;339946;09/11/2009;1;366;0,00;10,60
8;1;339946;09/11/2009;1;650;12,00;10,60
8;1;339946;09/11/2009;1;659;0,00;3,53
8;1;339946;09/11/2009;1;850;6,00;5,31
8;1;339946;09/11/2009;1;900;0,00;0,89
8;1;339946;09/11/2009;1;950;0,00;10,60
8;1;339946;09/11/2009;1;2000;8,00;1,26
8;1;339946;09/11/2009;1;2003;8,00;0,42
8;1;339946;09/11/2009;1;2505;0,00;6,20
8;1;341746;12/08/2009;1;200;1,00;29,96
8;1;341746;12/08/2009;1;220;0,00;21,80
8;1;341746;12/08/2009;1;222;0,00;1,04
8;1;341746;12/08/2009;1;2000;8,00;4,22
8;1;343889;01/12/2014;1;650;12,00;56,43
8;1;343889;01/12/2014;1;850;10,00;3,45
8;1;343889;01/12/2014;1;2003;8,00;0,27
8;1;343889;01/12/2014;1;2505;0,00;3,45
8;1;343889;01/12/2014;1;9030;8,00;0,27
8;1;345008;01/03/2007;1;1972;0,00;27,93
8;1;345008;01/03/2007;1;2000;7,65;2,13
8;1;345156;30/03/2011;1;347;1,00;2043,70
8;1;346209;02/05/2019;1;1955;0,00;1113,38
8;1;346403;28/06/2011;1;361;0,00;37,00
8;1;346403;28/06/2011;1;364;0,00;29,70
8;1;346403;28/06/2011;1;2000;8,00;2,37
8;1;347558;01/06/2007;1;1972;0,00;16,20
8;1;347558;01/06/2007;1;2000;7,65;1,23
8;1;347558;01/06/2007;1;2500;8,00;1,29
8;1;348023;17/03/2006;1;361;0,00;8,40
8;1;348023;17/03/2006;1;2000;7,65;0,64
8;1;348210;05/01/2010;1;224;0,00;327,60
8;1;348210;05/01/2010;1;257;24,20;115,86
8;1;348210;05/01/2010;1;259;16,80;107,24
8;1;348210;05/01/2010;1;265;0,00;44,62
8;1;348210;05/01/2010;1;2000;8,00;47,62
8;1;348651;07/11/2008;1;200;2,00;1,16
8;1;348651;07/11/2008;1;222;0,00;0,01
8;1;348651;07/11/2008;1;368;0,00;5,29
8;1;348651;07/11/2008;1;651;0,00;0,52
8;1;348651;07/11/2008;1;659;0,00;0,17
8;1;348651;07/11/2008;1;900;0,00;0,52
8;1;348651;07/11/2008;1;950;0,00;6,34
8;1;348651;07/11/2008;1;2000;0,00;0,09
8;1;348651;07/11/2008;1;2505;0,00;0,52
8;1;348953;11/01/2013;1;363;0,00;2,00
8;1;348953;11/01/2013;1;364;0,00;22,39
8;1;348953;11/01/2013;1;2000;8,00;1,95
8;1;349143;05/12/2016;1;200;8,00;0,12
8;1;349143;05/12/2016;1;222;0,00;0,01
8;1;349143;05/12/2016;1;365;0,00;0,11
8;1;349143;05/12/2016;1;366;0,00;2,10
8;1;349143;05/12/2016;1;651;10,00;0,35
8;1;349143;05/12/2016;1;659;0,00;0,12
8;1;349143;05/12/2016;1;850;8,00;1,28
8;1;349143;05/12/2016;1;2000;8,00;0,18
8;1;349143;05/12/2016;1;2003;8,00;0,10
8;1;349143;05/12/2016;1;2500;8,00;0,18
8;1;349143;05/12/2016;1;2505;0,00;1,28
8;1;349143;05/12/2016;1;9030;8,00;0,10
8;1;351741;23/01/2006;1;200;1,00;0,97
8;1;351741;23/01/2006;1;364;0,00;2,61
8;1;351741;23/01/2006;1;366;0,00;29,12
8;1;351741;23/01/2006;1;651;0,00;7,93
8;1;351741;23/01/2006;1;659;0,00;2,64
8;1;351741;23/01/2006;1;850;0,00;5,28
8;1;351741;23/01/2006;1;1957;0,00;0,08
8;1;351741;23/01/2006;1;2000;7,65;2,51
8;1;351741;23/01/2006;1;2003;7,65;0,40
8;1;351741;23/01/2006;1;2500;8,50;2,79
8;1;351741;23/01/2006;1;2505;0,00;5,28
8;1;351741;23/01/2006;1;9030;8,50;0,45
8;1;353051;29/08/2016;1;900;1,00;18,55
8;1;353051;29/08/2016;1;950;21,00;155,78
8;1;353051;29/08/2016;1;2505;0,00;18,55
8;1;353388;09/11/2009;1;200;24,00;4,58
8;1;353388;09/11/2009;1;222;0,00;0,16
8;1;353388;09/11/2009;1;363;0,00;5,31
8;1;353388;09/11/2009;1;364;0,00;2,57
8;1;353388;09/11/2009;1;365;0,00;1,05
8;1;353388;09/11/2009;1;366;0,00;27,40
8;1;353388;09/11/2009;1;650;12,00;5,73
8;1;353388;09/11/2009;1;651;6,00;2,86
8;1;353388;09/11/2009;1;659;0,00;0,95
8;1;353388;09/11/2009;1;850;8,00;3,82
8;1;353388;09/11/2009;1;900;0,00;0,48
8;1;353388;09/11/2009;1;2000;8,00;3,28
8;1;353388;09/11/2009;1;2003;8,00;0,30
8;1;353388;09/11/2009;1;2500;8,00;3,28
8;1;353388;09/11/2009;1;2505;0,00;4,30
8;1;353388;09/11/2009;1;9030;8,00;0,34
8;1;354171;07/10/2024;1;244;0,00;8,54
8;1;354171;07/10/2024;1;278;0,00;49,91
8;1;354171;07/10/2024;1;1962;0,00;3,00
8;1;354171;07/10/2024;1;2000;7,48;3,96
8;1;354171;07/10/2024;1;2003;7,49;0,64
8;1;354171;07/10/2024;1;2500;8,00;4,23
8;1;354171;07/10/2024;1;2505;0,00;8,54
8;1;354171;07/10/2024;1;9030;8,00;0,68
8;1;354465;12/01/2012;1;200;29,00;3,62
8;1;354465;12/01/2012;1;365;0,00;0,14
8;1;354465;12/01/2012;1;366;0,00;7,50
8;1;354465;12/01/2012;1;651;12,00;3,75
8;1;354465;12/01/2012;1;659;0,00;1,25
8;1;354465;12/01/2012;1;850;6,00;1,88
8;1;354465;12/01/2012;1;2000;8,00;0,90
8;1;354465;12/01/2012;1;2003;8,00;0,15
8;1;354465;12/01/2012;1;2500;8,00;0,90
8;1;354465;12/01/2012;1;2505;0,00;1,88
8;1;354465;12/01/2012;1;9030;8,00;0,15
8;1;354694;02/06/2009;1;304;0,00;70,96
8;1;354694;02/06/2009;1;2000;8,00;5,67
4;1;354759;26/01/2016;1;357;0,00;4,77
4;1;354759;26/01/2016;1;359;0,00;9,86
4;1;354759;26/01/2016;1;365;0,00;2,29
4;1;354759;26/01/2016;1;366;0,00;81,61
4;1;354759;26/01/2016;1;403;0,00;14,34
4;1;354759;26/01/2016;1;2000;8,00;9,02
8;1;354910;11/07/2006;1;244;0,00;45,99
8;1;354910;11/07/2006;1;2000;7,65;3,52
8;1;356271;01/11/2006;1;364;0,00;0,07
8;1;356271;01/11/2006;1;366;0,00;27,09
8;1;356271;01/11/2006;1;2000;7,65;2,07
8;1;356280;01/03/2008;1;364;0,00;1,65
8;1;356280;01/03/2008;1;366;0,00;16,53
8;1;356280;01/03/2008;1;2000;8,00;1,45
8;1;356280;01/03/2008;1;2500;8,00;1,45
8;1;356816;06/03/2006;1;361;0,00;13,54
8;1;356816;06/03/2006;1;364;0,00;5,46
8;1;356816;06/03/2006;1;2000;7,65;1,45
8;1;361283;23/10/2013;1;950;18,00;1751,25
8;1;361461;01/07/2007;1;1972;0,00;43,50
8;1;361461;01/07/2007;1;2000;7,65;3,32
8;1;361461;01/07/2007;1;2500;8,00;3,48
4;1;361470;23/12/2011;1;200;8,00;2,10
4;1;361470;23/12/2011;1;222;0,00;0,04
4;1;361470;23/12/2011;1;365;0,00;0,30
4;1;361470;23/12/2011;1;366;0,00;14,44
4;1;361470;23/12/2011;1;403;0,00;15,17
4;1;361470;23/12/2011;1;651;6,00;4,02
4;1;361470;23/12/2011;1;659;0,00;1,34
4;1;361470;23/12/2011;1;850;5,00;3,35
4;1;361470;23/12/2011;1;2000;8,00;2,56
4;1;361470;23/12/2011;1;2003;8,00;0,26
4;1;361470;23/12/2011;1;2500;8,00;2,56
4;1;361470;23/12/2011;1;2505;0,00;3,35
4;1;361470;23/12/2011;1;9030;8,00;0,26
4;1;362220;04/05/2006;1;1955;0,00;214,65
8;1;362344;14/05/2013;1;200;13,00;0,11
8;1;362344;14/05/2013;1;220;0,00;0,01
8;1;362344;14/05/2013;1;222;0,00;0,90
8;1;362344;14/05/2013;1;950;57,00;0,32
8;1;362344;14/05/2013;1;2000;8,00;0,08
8;1;362344;26/04/2013;1;200;13,00;21,89
8;1;362344;26/04/2013;1;220;0,00;18,85
8;1;362344;26/04/2013;1;2000;8,00;3,25
8;1;363740;01/10/2006;1;244;0,00;4,03
8;1;363740;01/10/2006;1;304;0,00;35,00
8;1;363740;01/10/2006;1;2000;7,65;2,99
8;1;363804;08/09/2009;1;200;10,00;1,91
8;1;363804;08/09/2009;1;204;11,00;2,15
8;1;363804;08/09/2009;1;222;0,00;0,04
8;1;363804;08/09/2009;1;365;0,00;0,10
8;1;363804;08/09/2009;1;366;0,00;15,40
8;1;363804;08/09/2009;1;403;0,00;2,32
8;1;363804;08/09/2009;1;558;0,00;0,72
8;1;363804;08/09/2009;1;600;0,00;1,94
8;1;363804;08/09/2009;1;615;0,00;0,65
8;1;363804;08/09/2009;1;651;3,00;1,43
8;1;363804;08/09/2009;1;659;0,00;0,48
8;1;363804;08/09/2009;1;850;7,00;3,34
8;1;363804;08/09/2009;1;900;0,00;0,47
8;1;363804;08/09/2009;1;950;0,00;5,73
8;1;363804;08/09/2009;1;2000;8,00;1,81
8;1;363804;08/09/2009;1;2003;8,00;0,26
8;1;363804;08/09/2009;1;2505;0,00;3,81
8;1;363987;09/03/2011;1;364;0,00;2,19
8;1;363987;09/03/2011;1;2000;8,00;0,17
8;1;363987;09/03/2011;1;2500;8,00;0,17
8;1;364258;02/08/2006;1;200;0,00;0,99
8;1;364258;02/08/2006;1;366;0,00;6,00
8;1;364258;02/08/2006;1;651;0,00;6,00
8;1;364258;02/08/2006;1;659;0,00;2,00
8;1;364258;02/08/2006;1;850;0,00;2,00
8;1;364258;02/08/2006;1;900;0,00;0,50
8;1;364258;02/08/2006;1;950;0,00;6,00
8;1;364258;02/08/2006;1;2000;7,65;0,53
8;1;364258;02/08/2006;1;2003;7,65;0,15
8;1;364258;02/08/2006;1;2505;0,00;2,50
8;1;364428;02/05/2019;1;1955;0,00;1707,06
8;1;364517;28/06/2011;1;361;0,00;166,03
8;1;364517;28/06/2011;1;364;0,00;36,53
8;1;364517;28/06/2011;1;2000;8,00;2,92
8;1;364665;01/11/2006;1;257;26,29;102,09
8;1;364665;01/11/2006;1;265;0,00;25,52
8;1;364665;01/11/2006;1;2000;7,65;9,76
8;1;364665;01/11/2006;1;2500;8,50;10,85
276;1;364797;27/03/2015;1;248;0,00;233,88
8;1;365165;11/04/2006;1;233;0,00;32,14
4;1;365718;28/04/2022;1;1955;12,00;11943,85
4;1;365718;28/04/2022;1;2012;0,00;546,58
8;1;366153;03/01/2008;1;259;3,00;14,59
8;1;366153;03/01/2008;1;265;0,00;3,65
8;1;366153;03/01/2008;1;2000;8,00;1,45
8;1;366153;03/01/2008;1;2500;8,00;1,45
8;1;366250;04/12/2017;1;304;0,00;0,12
8;1;366250;04/12/2017;1;361;0,00;9,42
8;1;366250;04/12/2017;1;1972;0,00;0,18
8;1;366250;04/12/2017;1;2000;8,00;0,02
8;1;366617;08/06/2012;1;950;3,00;91,65
8;1;366684;08/09/2009;1;200;1,00;0,19
8;1;366684;08/09/2009;1;650;1,00;5,73
8;1;366684;08/09/2009;1;659;0,00;1,91
8;1;366684;08/09/2009;1;900;0,00;0,48
8;1;366684;08/09/2009;1;950;0,00;5,73
8;1;366684;08/09/2009;1;2000;8,00;0,01
8;1;366684;08/09/2009;1;2505;0,00;0,48
8;1;369578;04/01/2006;1;257;26,00;81,47
8;1;369578;04/01/2006;1;265;0,00;20,37
8;1;369578;04/01/2006;1;2000;7,65;7,79
8;1;369578;04/01/2006;1;2500;8,50;8,66
8;1;371300;10/11/2009;1;280;0,00;70,69
8;1;371300;10/11/2009;1;2000;8,00;5,65
8;1;371300;10/11/2009;1;2500;8,00;5,65
8;1;372005;01/09/2006;1;200;0,00;2,98
8;1;372005;01/09/2006;1;366;0,00;22,43
8;1;372005;01/09/2006;1;651;0,00;16,82
8;1;372005;01/09/2006;1;659;0,00;5,61
8;1;372005;01/09/2006;1;850;0,00;16,82
8;1;372005;01/09/2006;1;2000;7,65;1,94
8;1;372005;01/09/2006;1;2003;7,65;1,29
8;1;372005;01/09/2006;1;2505;0,00;16,82
8;1;372064;13/02/2007;1;1972;0,00;30,00
8;1;372064;13/02/2007;1;2000;7,65;2,29
8;1;372064;13/02/2007;1;2500;8,00;2,40
8;1;372374;31/12/2005;1;265;0,00;0,78
8;1;372374;31/12/2005;1;1968;5,34;3,12
8;1;372374;31/12/2005;1;2000;7,65;0,30
8;1;372374;31/12/2005;1;2500;8,50;0,33
8;1;372609;21/09/2011;1;284;33,44;106,12
8;1;372609;21/09/2011;1;2000;8,00;8,48
8;1;372609;21/09/2011;1;2500;8,00;8,48
8;1;372889;28/12/2005;1;200;30,00;22,00
8;1;372889;28/12/2005;1;366;0,00;22,00
8;1;372889;28/12/2005;1;651;0,00;3,66
8;1;372889;28/12/2005;1;659;0,00;1,22
8;1;372889;28/12/2005;1;850;0,00;3,66
8;1;372889;28/12/2005;1;2000;7,65;3,37
8;1;372889;28/12/2005;1;2003;7,65;0,28
8;1;372889;28/12/2005;1;2500;8,50;3,74
8;1;372889;28/12/2005;1;2505;0,00;3,66
8;1;372889;28/12/2005;1;9030;8,50;0,31
8;1;373001;24/12/2010;1;200;18,00;2,38
8;1;373001;24/12/2010;1;365;0,00;0,51
8;1;373001;24/12/2010;1;366;0,00;23,57
8;1;373001;24/12/2010;1;651;7,00;2,31
8;1;373001;24/12/2010;1;659;0,00;0,77
8;1;373001;24/12/2010;1;850;11,00;3,63
8;1;373001;24/12/2010;1;2000;8,00;2,11
8;1;373001;24/12/2010;1;2003;8,00;0,29
8;1;373001;24/12/2010;1;2500;8,00;2,11
8;1;373001;24/12/2010;1;2505;0,00;3,63
8;1;373001;24/12/2010;1;9030;8,00;0,29
8;1;373036;08/09/2009;1;200;12,00;2,18
8;1;373036;08/09/2009;1;259;12,01;0,73
8;1;373036;08/09/2009;1;265;0,00;0,18
8;1;373036;08/09/2009;1;651;11,00;4,99
8;1;373036;08/09/2009;1;659;0,00;1,66
8;1;373036;08/09/2009;1;850;2,00;0,91
8;1;373036;08/09/2009;1;900;0,00;0,46
8;1;373036;08/09/2009;1;1972;0,00;4,50
8;1;373036;08/09/2009;1;2000;8,00;0,60
8;1;373036;08/09/2009;1;2003;8,00;0,07
8;1;373036;08/09/2009;1;2500;8,00;0,60
8;1;373036;08/09/2009;1;2505;0,00;1,37
8;1;373036;08/09/2009;1;9030;8,00;0,10
8;1;373222;11/01/2013;1;363;0,00;1,22
8;1;373222;11/01/2013;1;364;0,00;21,00
8;1;373222;11/01/2013;1;2000;8,00;1,77
8;1;373222;11/01/2013;1;2500;8,00;1,77
8;1;373524;11/01/2013;1;363;0,00;1,06
8;1;373524;11/01/2013;1;364;0,00;35,64
8;1;373524;11/01/2013;1;2000;8,00;2,93
8;1;373524;11/01/2013;1;2500;8,00;2,93
4;1;374014;14/05/2021;1;1955;12,00;19565,24
4;1;374014;14/05/2021;1;2012;0,00;2328,92
8;1;374059;23/12/2016;1;200;8,00;0,89
8;1;374059;23/12/2016;1;364;0,00;11,09
8;1;374059;23/12/2016;1;366;0,00;6,64
8;1;374059;23/12/2016;1;650;12,00;3,32
8;1;374059;23/12/2016;1;651;4,00;1,11
8;1;374059;23/12/2016;1;659;0,00;1,48
8;1;374059;23/12/2016;1;850;7,00;1,93
8;1;374059;23/12/2016;1;900;2,00;0,56
8;1;374059;23/12/2016;1;950;63,00;6,98
8;1;374059;23/12/2016;1;1972;0,00;1,43
8;1;374059;23/12/2016;1;2000;8,00;1,60
8;1;374059;23/12/2016;1;2003;8,00;0,15
8;1;374059;23/12/2016;1;2505;0,00;2,49
8;1;374121;01/11/2006;1;364;0,00;23,25
8;1;374121;01/11/2006;1;366;0,00;125,00
8;1;374121;01/11/2006;1;2000;7,65;11,34
8;1;374512;02/04/2006;1;233;0,00;210,00
8;1;375128;09/11/2009;1;200;1,00;0,15
8;1;375128;09/11/2009;1;248;0,00;0,21
8;1;375128;09/11/2009;1;361;0,00;3,57
8;1;375128;09/11/2009;1;366;0,00;4,69
8;1;375128;09/11/2009;1;367;0,00;0,19
8;1;375128;09/11/2009;1;651;11,00;4,30
8;1;375128;09/11/2009;1;659;0,00;1,44
8;1;375128;09/11/2009;1;850;6,00;2,34
8;1;375128;09/11/2009;1;900;0,00;0,39
8;1;375128;09/11/2009;1;950;0,00;4,69
8;1;375128;09/11/2009;1;2000;8,00;0,40
8;1;375128;09/11/2009;1;2003;8,00;0,18
8;1;375128;09/11/2009;1;2505;0,00;2,73
8;1;375284;08/09/2009;1;200;10,00;2,46
8;1;375284;08/09/2009;1;366;0,00;14,76
8;1;375284;08/09/2009;1;651;10,00;6,15
8;1;375284;08/09/2009;1;659;0,00;2,05
8;1;375284;08/09/2009;1;850;5,00;3,08
8;1;375284;08/09/2009;1;900;0,00;0,62
8;1;375284;08/09/2009;1;950;0,00;7,38
8;1;375284;08/09/2009;1;2000;8,00;1,37
8;1;375284;08/09/2009;1;2003;8,00;0,24
8;1;375284;08/09/2009;1;2505;0,00;3,70
8;1;375721;16/01/2006;1;257;19,27;72,26
8;1;375721;16/01/2006;1;265;0,00;19,82
8;1;375721;16/01/2006;1;1968;14,02;7,01
8;1;375721;16/01/2006;1;2000;7,65;7,58
8;1;375721;16/01/2006;1;2500;8,50;8,42
8;1;375837;11/07/2006;1;284;48,00;90,89
8;1;375837;11/07/2006;1;2000;7,65;6,95
8;1;376027;08/06/2012;1;950;3,00;94,42
8;1;376167;20/02/2007;1;950;0,00;508,03
8;1;376222;12/01/2012;1;200;2,00;0,22
8;1;376222;12/01/2012;1;365;0,00;0,35
8;1;376222;12/01/2012;1;366;0,00;16,35
8;1;376222;12/01/2012;1;651;10,00;3,28
8;1;376222;12/01/2012;1;659;0,00;1,09
8;1;376222;12/01/2012;1;850;8,00;2,22
8;1;376222;12/01/2012;1;900;0,00;0,28
8;1;376222;12/01/2012;1;950;1,00;3,33
8;1;376222;12/01/2012;1;2000;8,00;1,35
8;1;376222;12/01/2012;1;2003;8,00;0,17
8;1;376222;12/01/2012;1;2505;0,00;2,50
4;1;376224;28/12/2012;1;200;5,00;2,94
4;1;376224;28/12/2012;1;222;0,00;0,06
4;1;376224;28/12/2012;1;651;2,00;0,50
4;1;376224;28/12/2012;1;659;0,00;0,16
4;1;376224;28/12/2012;1;900;0,00;0,25
4;1;376224;28/12/2012;1;950;48,00;4,78
4;1;376224;28/12/2012;1;2000;8,00;0,24
4;1;376224;28/12/2012;1;2505;0,00;0,25
8;1;376229;28/06/2011;1;200;6,00;1,34
8;1;376229;28/06/2011;1;359;0,00;2,54
8;1;376229;28/06/2011;1;366;0,00;16,06
8;1;376229;28/06/2011;1;651;12,00;6,68
8;1;376229;28/06/2011;1;659;0,00;2,23
8;1;376229;28/06/2011;1;850;10,00;5,57
8;1;376229;28/06/2011;1;900;0,00;0,56
8;1;376229;28/06/2011;1;2000;8,00;1,59
8;1;376229;28/06/2011;1;2003;8,00;0,44
8;1;376229;28/06/2011;1;2500;8,00;1,59
8;1;376229;28/06/2011;1;2505;0,00;6,13
8;1;376229;28/06/2011;1;9030;8,00;0,49
4;1;376268;23/12/2011;1;200;15,00;4,66
4;1;376268;23/12/2011;1;222;0,00;0,08
4;1;376268;23/12/2011;1;365;0,00;0,38
4;1;376268;23/12/2011;1;366;0,00;18,64
4;1;376268;23/12/2011;1;651;7,00;5,38
4;1;376268;23/12/2011;1;659;0,00;1,80
4;1;376268;23/12/2011;1;850;6,00;4,35
4;1;376268;23/12/2011;1;2000;8,00;1,90
4;1;376268;23/12/2011;1;2003;8,00;0,34
4;1;376268;23/12/2011;1;2500;8,00;1,90
4;1;376268;23/12/2011;1;2505;0,00;4,35
4;1;376268;23/12/2011;1;9030;8,00;0,34
8;1;376273;21/08/2006;1;359;0,00;2,34
8;1;376273;21/08/2006;1;363;0,00;20,02
8;1;376273;21/08/2006;1;364;0,00;15,45
8;1;376273;21/08/2006;1;366;0,00;176,48
8;1;376273;21/08/2006;1;850;0,00;42,37
8;1;376273;21/08/2006;1;900;0,00;6,05
8;1;376273;21/08/2006;1;2000;7,65;16,39
8;1;376273;21/08/2006;1;2003;7,65;3,24
8;1;376273;21/08/2006;1;2505;0,00;48,42
8;1;376286;27/06/2006;1;200;19,00;8,87
8;1;376286;27/06/2006;1;265;0,00;0,31
8;1;376286;27/06/2006;1;379;0,00;1,24
8;1;376286;27/06/2006;1;651;0,00;8,38
8;1;376286;27/06/2006;1;659;0,00;2,80
8;1;376286;27/06/2006;1;850;0,00;7,00
8;1;376286;27/06/2006;1;900;0,00;1,17
8;1;376286;27/06/2006;1;950;0,00;14,10
8;1;376286;27/06/2006;1;1962;0,00;44,00
8;1;376286;27/06/2006;1;2000;7,65;4,16
8;1;376286;27/06/2006;1;2003;7,65;0,54
8;1;376286;27/06/2006;1;2505;0,00;8,17
8;1;376301;08/09/2009;1;200;19,00;2,95
8;1;376301;08/09/2009;1;363;0,00;0,57
8;1;376301;08/09/2009;1;364;0,00;0,63
8;1;376301;08/09/2009;1;366;0,00;4,14
8;1;376301;08/09/2009;1;651;6,00;2,33
8;1;376301;08/09/2009;1;659;0,00;0,78
8;1;376301;08/09/2009;1;850;5,00;1,94
8;1;376301;08/09/2009;1;900;0,00;0,39
8;1;376301;08/09/2009;1;950;0,00;4,66
8;1;376301;08/09/2009;1;1972;0,00;1,20
8;1;376301;08/09/2009;1;2000;8,00;0,75
8;1;376301;08/09/2009;1;2003;8,00;0,15
8;1;376301;08/09/2009;1;2505;0,00;2,33
8;1;376312;01/04/2007;1;257;3,48;11,65
8;1;376312;01/04/2007;1;265;0,00;2,91
8;1;376312;01/04/2007;1;2000;7,65;1,11
8;1;376320;23/09/2010;1;200;7,00;0,39
8;1;376320;23/09/2010;1;259;5,00;0,10
8;1;376320;23/09/2010;1;265;0,00;0,02
8;1;376320;23/09/2010;1;364;0,00;4,53
8;1;376320;23/09/2010;1;366;0,00;5,07
8;1;376320;23/09/2010;1;651;7,00;0,98
8;1;376320;23/09/2010;1;659;0,00;0,33
8;1;376320;23/09/2010;1;850;6,00;0,84
8;1;376320;23/09/2010;1;900;0,00;0,14
8;1;376320;23/09/2010;1;950;0,00;1,69
8;1;376320;23/09/2010;1;2000;8,00;0,80
8;1;376320;23/09/2010;1;2003;8,00;0,06
8;1;376320;23/09/2010;1;2505;0,00;0,98
4;1;376321;06/11/2009;1;200;20,00;1,70
4;1;376321;06/11/2009;1;363;0,00;1,13
4;1;376321;06/11/2009;1;366;0,00;9,38
4;1;376321;06/11/2009;1;651;8,00;1,70
4;1;376321;06/11/2009;1;659;0,00;0,56
4;1;376321;06/11/2009;1;850;8,00;1,70
4;1;376321;06/11/2009;1;2000;8,00;0,97
4;1;376321;06/11/2009;1;2003;8,00;0,13
4;1;376321;06/11/2009;1;2500;8,00;0,97
4;1;376321;06/11/2009;1;2505;0,00;1,70
4;1;376321;06/11/2009;1;9030;8,00;0,13
8;1;376322;01/06/2007;1;233;0,00;605,00
8;1;376347;01/11/2006;1;1972;0,00;35,72
8;1;376347;01/11/2006;1;2000;7,65;2,73
8;1;376347;01/11/2006;1;2500;8,50;3,03
8;1;376371;10/05/2010;1;361;0,00;21,93
8;1;376371;10/05/2010;1;364;0,00;8,02
8;1;376371;10/05/2010;1;2000;8,00;0,64
8;1;376371;10/05/2010;1;2500;8,00;0,64
8;1;376400;08/09/2009;1;200;4,00;0,76
8;1;376400;08/09/2009;1;364;0,00;1,18
8;1;376400;08/09/2009;1;366;0,00;4,32
8;1;376400;08/09/2009;1;403;0,00;1,77
8;1;376400;08/09/2009;1;651;2,00;1,43
8;1;376400;08/09/2009;1;659;0,00;0,48
8;1;376400;08/09/2009;1;850;4,00;1,91
8;1;376400;08/09/2009;1;900;0,00;0,47
8;1;376400;08/09/2009;1;2000;8,00;0,64
8;1;376400;08/09/2009;1;2003;8,00;0,15
8;1;376400;08/09/2009;1;2500;8,00;0,64
8;1;376400;08/09/2009;1;2505;0,00;2,38
8;1;376400;08/09/2009;1;9030;8,00;0,19
8;1;376455;29/06/2010;1;368;10,00;238,98
8;1;376458;11/07/2006;1;1972;0,00;8,84
8;1;376458;11/07/2006;1;2000;7,65;0,68
8;1;376472;24/04/2009;1;233;0,00;577,70
8;1;376479;08/09/2009;1;200;1,00;0,19
8;1;376479;08/09/2009;1;366;0,00;5,63
8;1;376479;08/09/2009;1;403;0,00;4,64
8;1;376479;08/09/2009;1;651;3,00;1,43
8;1;376479;08/09/2009;1;659;0,00;0,48
8;1;376479;08/09/2009;1;850;5,00;2,39
8;1;376479;08/09/2009;1;900;0,00;0,47
8;1;376479;08/09/2009;1;950;0,00;5,73
8;1;376479;08/09/2009;1;2000;8,00;0,83
8;1;376479;08/09/2009;1;2003;8,00;0,19
8;1;376479;08/09/2009;1;2505;0,00;2,86
8;1;376497;01/05/2007;1;1972;0,00;10,12
8;1;376497;01/05/2007;1;2000;7,65;0,77
8;1;376497;01/05/2007;1;2500;8,00;0,80
8;1;376498;12/01/2012;1;200;1,00;0,11
8;1;376498;12/01/2012;1;363;0,00;0,38
8;1;376498;12/01/2012;1;365;0,00;0,06
8;1;376498;12/01/2012;1;366;0,00;3,37
8;1;376498;12/01/2012;1;651;1,00;0,28
8;1;376498;12/01/2012;1;659;0,00;0,09
8;1;376498;12/01/2012;1;850;5,00;1,41
8;1;376498;12/01/2012;1;2000;8,00;0,31
8;1;376498;12/01/2012;1;2003;8,00;0,11
8;1;376498;12/01/2012;1;2500;8,00;0,31
8;1;376498;12/01/2012;1;2505;0,00;1,41
8;1;376498;12/01/2012;1;9030;8,00;0,11
8;1;376531;02/07/2009;1;200;18,00;585,22
8;1;376531;02/07/2009;1;220;0,00;420,00
8;1;376531;02/07/2009;1;651;1,00;139,62
8;1;376531;02/07/2009;1;659;0,00;46,54
8;1;376531;02/07/2009;1;850;0,00;139,62
8;1;376531;02/07/2009;1;2000;9,00;90,46
8;1;376531;02/07/2009;1;2003;8,00;11,16
8;1;376531;02/07/2009;1;2500;8,00;80,41
8;1;376531;02/07/2009;1;2505;0,00;139,62
8;1;376531;02/07/2009;1;9030;8,00;11,16
8;1;376532;12/11/2009;1;257;11,00;45,59
8;1;376532;12/11/2009;1;265;0,00;9,12
8;1;376532;12/11/2009;1;2000;8,00;4,37
8;1;376532;12/11/2009;1;2500;8,00;4,37
8;1;376533;14/01/2014;1;200;8,00;0,95
8;1;376533;14/01/2014;1;222;0,00;0,03
8;1;376533;14/01/2014;1;257;1,25;0,03
8;1;376533;14/01/2014;1;265;0,00;0,01
8;1;376533;14/01/2014;1;364;0,00;2,56
8;1;376533;14/01/2014;1;365;0,00;0,20
8;1;376533;14/01/2014;1;366;0,00;7,10
8;1;376533;14/01/2014;1;650;12,00;3,55
8;1;376533;14/01/2014;1;651;5,00;1,48
8;1;376533;14/01/2014;1;659;0,00;1,68
8;1;376533;14/01/2014;1;850;7,00;1,96
8;1;376533;14/01/2014;1;900;0,00;0,59
8;1;376533;14/01/2014;1;950;51,00;6,03
8;1;376533;14/01/2014;1;2000;8,00;0,87
8;1;376533;14/01/2014;1;2003;8,00;0,15
8;1;376533;14/01/2014;1;2505;0,00;2,55
8;1;376535;05/11/2015;1;651;1,00;94,87
8;1;376535;05/11/2015;1;659;0,00;31,62
8;1;376535;05/11/2015;1;950;18,00;683,04
8;1;376557;01/06/2007;1;1972;0,00;4,20
8;1;376557;01/06/2007;1;2000;7,65;0,32
8;1;376572;30/12/2011;1;200;23,00;2,71
8;1;376572;30/12/2011;1;363;0,00;7,95
8;1;376572;30/12/2011;1;364;0,00;18,00
8;1;376572;30/12/2011;1;365;0,00;0,11
8;1;376572;30/12/2011;1;366;0,00;10,62
8;1;376572;30/12/2011;1;650;1,00;3,53
8;1;376572;30/12/2011;1;651;2,00;0,59
8;1;376572;30/12/2011;1;659;0,00;1,37
8;1;376572;30/12/2011;1;850;7,00;2,06
8;1;376572;30/12/2011;1;2000;8,00;3,15
8;1;376572;30/12/2011;1;2003;8,00;0,16
8;1;376572;30/12/2011;1;2500;8,00;3,15
8;1;376572;30/12/2011;1;2505;0,00;2,06
8;1;376572;30/12/2011;1;9030;8,00;0,16
8;1;376613;14/08/2006;1;1962;0,00;9,72
8;1;376613;14/08/2006;1;2000;7,65;0,74
276;1;376623;02/05/2019;1;1955;0,00;1041,93
8;1;376625;08/12/2006;1;280;0,00;47,30
8;1;376625;08/12/2006;1;2000;7,65;3,61
8;1;376625;08/12/2006;1;2500;8,50;4,02
8;1;376683;08/09/2009;1;200;3,00;0,43
8;1;376683;08/09/2009;1;249;0,00;6,42
8;1;376683;08/09/2009;1;366;0,00;6,42
8;1;376683;08/09/2009;1;403;0,00;5,71
8;1;376683;08/09/2009;1;650;1,00;4,28
8;1;376683;08/09/2009;1;651;2,00;0,71
8;1;376683;08/09/2009;1;659;0,00;1,66
8;1;376683;08/09/2009;1;850;7,00;2,50
8;1;376683;08/09/2009;1;900;0,00;0,36
8;1;376683;08/09/2009;1;950;0,00;4,28
8;1;376683;08/09/2009;1;2000;8,00;1,51
8;1;376683;08/09/2009;1;2003;8,00;0,20
8;1;376683;08/09/2009;1;2505;0,00;2,86
8;1;376692;08/12/2006;1;240;2,00;44,68
8;1;376698;01/10/2006;1;257;23,23;67,95
8;1;376698;01/10/2006;1;2000;7,65;5,20
8;1;376703;22/06/2011;1;285;0,00;2004,00
8;1;376703;22/06/2011;1;2004;0,00;9,18
8;1;376724;01/03/2007;1;359;0,00;4,35
8;1;376724;01/03/2007;1;364;0,00;4,18
8;1;376724;01/03/2007;1;366;0,00;19,20
8;1;376724;01/03/2007;1;2000;7,65;2,12
8;1;376740;01/03/2007;1;1972;0,00;41,40
8;1;376740;01/03/2007;1;2000;7,65;3,16
276;1;376791;01/05/2007;1;284;7,20;14,97
276;1;376791;01/05/2007;1;2000;7,65;1,14
276;1;376791;01/05/2007;1;2500;8,00;1,19
8;1;376807;20/03/2009;1;257;3,00;13,63
8;1;376807;20/03/2009;1;265;0,00;3,41
8;1;376807;20/03/2009;1;2000;8,00;1,36
8;1;376816;28/06/2011;1;361;0,00;23,02
8;1;376816;28/06/2011;1;364;0,00;14,87
8;1;376816;28/06/2011;1;2000;8,00;1,18
8;1;376831;08/09/2009;1;200;3,00;0,57
8;1;376831;08/09/2009;1;366;0,00;11,46
8;1;376831;08/09/2009;1;651;9,00;4,29
8;1;376831;08/09/2009;1;659;0,00;1,43
8;1;376831;08/09/2009;1;850;5,00;2,38
8;1;376831;08/09/2009;1;2000;8,00;0,96
8;1;376831;08/09/2009;1;2003;8,00;0,19
8;1;376831;08/09/2009;1;2500;8,00;0,96
8;1;376831;08/09/2009;1;2505;0,00;2,38
8;1;376831;08/09/2009;1;9030;8,00;0,19
8;1;376840;01/10/2006;1;651;0,00;2,55
8;1;376840;01/10/2006;1;659;0,00;0,85
8;1;376840;01/10/2006;1;850;0,00;2,55
8;1;376840;01/10/2006;1;1962;0,00;30,60
8;1;376840;01/10/2006;1;2000;7,65;2,34
8;1;376840;01/10/2006;1;2003;7,65;0,20
8;1;376840;01/10/2006;1;2453;0,00;28,29
8;1;376840;01/10/2006;1;2505;0,00;2,55
8;1;376849;01/05/2007;1;1972;0,00;27,82
8;1;376849;01/05/2007;1;2000;7,65;2,12
8;1;376850;01/05/2007;1;1972;0,00;20,16
8;1;376850;01/05/2007;1;2000;7,65;1,54
8;1;376850;01/05/2007;1;2500;8,00;1,61
8;1;376853;12/08/2009;1;280;0,00;69,89
8;1;376853;12/08/2009;1;2000;8,00;5,59
8;1;376919;01/03/2007;1;1972;0,00;21,95
8;1;376919;01/03/2007;1;2000;7,65;1,67
8;1;376919;01/03/2007;1;2500;8,00;1,75
8;1;376921;01/01/2007;1;1972;0,00;6,06
8;1;376921;01/01/2007;1;2000;7,65;0,46
8;1;376984;27/06/2007;1;651;0,00;10,41
8;1;376984;27/06/2007;1;659;0,00;3,47
8;1;376984;27/06/2007;1;850;0,00;6,25
8;1;376984;27/06/2007;1;1962;0,00;10,00
8;1;376984;27/06/2007;1;2000;7,65;0,76
8;1;376984;27/06/2007;1;2003;7,65;0,47
8;1;376984;27/06/2007;1;2505;0,00;6,25
8;1;376992;10/08/2009;1;200;11,00;2,10
8;1;376992;10/08/2009;1;366;0,00;20,19
8;1;376992;10/08/2009;1;403;0,00;3,54
8;1;376992;10/08/2009;1;651;9,00;4,30
8;1;376992;10/08/2009;1;659;0,00;1,43
8;1;376992;10/08/2009;1;850;7,00;3,34
8;1;376992;10/08/2009;1;900;0,00;0,47
8;1;376992;10/08/2009;1;950;0,00;5,73
8;1;376992;10/08/2009;1;2000;8,00;2,06
8;1;376992;10/08/2009;1;2003;8,00;0,26
8;1;376992;10/08/2009;1;2505;0,00;3,81
8;1;376993;01/12/2015;1;200;4,00;0,70
8;1;376993;01/12/2015;1;222;0,00;0,02
8;1;376993;01/12/2015;1;365;0,00;0,15
8;1;376993;01/12/2015;1;366;0,00;5,21
8;1;376993;01/12/2015;1;651;5,00;2,24
8;1;376993;01/12/2015;1;659;0,00;0,75
8;1;376993;01/12/2015;1;850;4,00;1,79
8;1;376993;01/12/2015;1;2000;8,00;0,48
8;1;376993;01/12/2015;1;2003;8,00;0,14
8;1;376993;01/12/2015;1;2500;8,00;0,48
8;1;376993;01/12/2015;1;2505;0,00;1,79
8;1;376993;01/12/2015;1;9030;8,00;0,14
8;1;377012;01/07/2007;1;257;9,35;31,24
8;1;377012;01/07/2007;1;265;0,00;7,81
8;1;377012;01/07/2007;1;2000;7,65;2,98
8;1;377031;06/02/2008;1;200;7,00;5,04
8;1;377031;06/02/2008;1;366;0,00;151,20
8;1;377031;06/02/2008;1;651;0,00;17,60
8;1;377031;06/02/2008;1;659;0,00;5,87
8;1;377031;06/02/2008;1;850;0,00;16,20
8;1;377031;06/02/2008;1;2000;8,00;12,49
8;1;377031;06/02/2008;1;2003;8,00;1,29
8;1;377031;06/02/2008;1;2505;0,00;16,20
8;1;377064;01/12/2014;1;222;0,00;7,10
8;1;377064;01/12/2014;1;651;7,00;5,92
8;1;377064;01/12/2014;1;659;0,00;1,97
8;1;377064;01/12/2014;1;850;5,00;4,23
8;1;377064;01/12/2014;1;950;51,00;17,25
8;1;377064;01/12/2014;1;2000;8,00;0,56
8;1;377064;01/12/2014;1;2003;8,00;0,33
8;1;377064;01/12/2014;1;2505;0,00;4,23
8;1;377064;09/01/2015;1;365;0,00;10,15
8;1;377064;09/01/2015;1;2000;8,00;0,81
8;1;377069;09/11/2009;1;200;8,00;0,88
8;1;377069;09/11/2009;1;364;0,00;0,64
8;1;377069;09/11/2009;1;366;0,00;9,87
8;1;377069;09/11/2009;1;650;12,00;3,29
8;1;377069;09/11/2009;1;651;7,00;1,92
8;1;377069;09/11/2009;1;659;0,00;1,74
8;1;377069;09/11/2009;1;850;5,00;1,37
8;1;377069;09/11/2009;1;900;0,00;0,27
8;1;377069;09/11/2009;1;950;0,00;3,29
8;1;377069;09/11/2009;1;2000;8,00;0,91
8;1;377069;09/11/2009;1;2003;8,00;0,10
8;1;377069;09/11/2009;1;2505;0,00;1,64
8;1;377075;01/03/2007;1;1972;0,00;10,50
8;1;377075;01/03/2007;1;2000;7,65;0,80
8;1;377086;01/06/2007;1;1972;0,00;7,89
8;1;377086;01/06/2007;1;2000;7,65;0,60
8;1;377094;13/02/2007;1;200;5,00;93,00
8;1;377094;13/02/2007;1;2000;7,65;7,11
8;1;377111;04/02/2009;1;204;12,00;610,10
8;1;377111;04/02/2009;1;558;0,00;203,36
8;1;377111;04/02/2009;1;2000;8,00;65,07
4;1;377116;06/11/2009;1;200;19,00;1,92
4;1;377116;06/11/2009;1;363;0,00;0,73
4;1;377116;06/11/2009;1;366;0,00;12,12
4;1;377116;06/11/2009;1;650;4,00;5,47
4;1;377116;06/11/2009;1;651;8,00;3,25
4;1;377116;06/11/2009;1;659;0,00;2,90
4;1;377116;06/11/2009;1;850;8,00;3,25
4;1;377116;06/11/2009;1;2000;8,00;1,18
4;1;377116;06/11/2009;1;2003;8,00;0,26
4;1;377116;06/11/2009;1;2500;8,00;1,18
4;1;377116;06/11/2009;1;2505;0,00;3,25
4;1;377116;06/11/2009;1;9030;8,00;0,26
8;1;377143;27/06/2007;1;366;0,00;22,00
8;1;377143;27/06/2007;1;2000;7,65;1,68
8;1;377143;27/06/2007;1;2500;2,00;0,44
8;1;377163;17/09/2010;1;200;12,00;0,83
8;1;377163;17/09/2010;1;366;0,00;5,34
8;1;377163;17/09/2010;1;651;6,00;1,04
8;1;377163;17/09/2010;1;659;0,00;0,35
8;1;377163;17/09/2010;1;850;6,00;1,04
8;1;377163;17/09/2010;1;900;0,00;0,18
8;1;377163;17/09/2010;1;950;0,00;2,08
8;1;377163;17/09/2010;1;2000;8,00;0,49
8;1;377163;17/09/2010;1;2003;8,00;0,08
8;1;377163;17/09/2010;1;2505;0,00;1,22
8;1;377175;08/09/2009;1;200;11,00;2,00
8;1;377175;08/09/2009;1;259;6,00;0,37
8;1;377175;08/09/2009;1;265;0,00;0,09
8;1;377175;08/09/2009;1;363;0,00;0,91
8;1;377175;08/09/2009;1;366;0,00;5,45
8;1;377175;08/09/2009;1;650;1,00;5,35
8;1;377175;08/09/2009;1;651;3,00;1,37
8;1;377175;08/09/2009;1;659;0,00;2,24
8;1;377175;08/09/2009;1;850;4,00;1,81
8;1;377175;08/09/2009;1;900;0,00;0,46
8;1;377175;08/09/2009;1;2000;8,00;0,70
8;1;377175;08/09/2009;1;2003;8,00;0,14
8;1;377175;08/09/2009;1;2500;8,00;0,70
8;1;377175;08/09/2009;1;2505;0,00;2,27
8;1;377175;08/09/2009;1;9030;8,00;0,18
8;1;377194;10/09/2009;1;366;0,00;6,84
8;1;377194;10/09/2009;1;2000;8,00;0,54
8;1;377194;10/09/2009;1;2500;8,00;0,54
8;1;377253;28/06/2011;1;364;0,00;13,20
8;1;377253;28/06/2011;1;2000;8,00;1,05
8;1;377253;28/06/2011;1;2500;8,00;1,05
8;1;377263;16/08/2012;1;248;0,00;69,75
276;1;377266;28/02/2013;1;650;1,00;18,86
276;1;377266;28/02/2013;1;659;0,00;6,25
276;1;377266;28/02/2013;1;850;2,00;4,71
276;1;377266;28/02/2013;1;950;3,00;119,46
276;1;377266;28/02/2013;1;1967;0,00;15,62
276;1;377266;28/02/2013;1;2000;8,00;1,24
276;1;377266;28/02/2013;1;2003;8,00;0,37
276;1;377266;28/02/2013;1;2505;0,00;4,71
8;1;377279;12/01/2012;1;200;26,00;3,22
8;1;377279;12/01/2012;1;366;0,00;11,16
8;1;377279;12/01/2012;1;650;12,00;3,99
8;1;377279;12/01/2012;1;651;4,00;1,24
8;1;377279;12/01/2012;1;659;0,00;1,74
8;1;377279;12/01/2012;1;850;7,00;2,16
8;1;377279;12/01/2012;1;2000;8,00;1,15
8;1;377279;12/01/2012;1;2003;8,00;0,17
8;1;377279;12/01/2012;1;2500;8,00;1,15
8;1;377279;12/01/2012;1;2505;0,00;2,16
8;1;377279;12/01/2012;1;9030;8,00;0,17
8;1;377292;12/01/2012;1;200;1,00;0,11
8;1;377292;12/01/2012;1;366;0,00;13,04
8;1;377292;12/01/2012;1;651;4,00;0,86
8;1;377292;12/01/2012;1;659;0,00;0,29
8;1;377292;12/01/2012;1;850;8,00;2,17
8;1;377292;12/01/2012;1;2000;8,00;1,05
8;1;377292;12/01/2012;1;2003;8,00;0,17
8;1;377292;12/01/2012;1;2500;8,00;1,05
8;1;377292;12/01/2012;1;2505;0,00;2,17
8;1;377292;12/01/2012;1;9030;8,00;0,17
8;1;377316;27/06/2007;1;366;0,00;31,64
8;1;377316;27/06/2007;1;651;0,00;2,08
8;1;377316;27/06/2007;1;659;0,00;0,69
8;1;377316;27/06/2007;1;850;0,00;2,08
8;1;377316;27/06/2007;1;1962;0,00;0,83
8;1;377316;27/06/2007;1;2000;7,65;2,48
8;1;377316;27/06/2007;1;2003;7,65;0,15
8;1;377316;27/06/2007;1;2505;0,00;2,08
8;1;377317;27/06/2007;1;363;0,00;1,75
8;1;377317;27/06/2007;1;366;0,00;31,64
8;1;377317;27/06/2007;1;651;0,00;1,57
8;1;377317;27/06/2007;1;659;0,00;0,52
8;1;377317;27/06/2007;1;850;0,00;2,08
8;1;377317;27/06/2007;1;1962;0,00;9,16
8;1;377317;27/06/2007;1;2000;7,65;3,25
8;1;377317;27/06/2007;1;2003;7,65;0,15
8;1;377317;27/06/2007;1;2500;8,00;3,40
8;1;377317;27/06/2007;1;2505;0,00;2,08
8;1;377317;27/06/2007;1;9030;8,00;0,16
8;1;377321;27/06/2007;1;366;0,00;31,64
8;1;377321;27/06/2007;1;651;0,00;4,16
8;1;377321;27/06/2007;1;659;0,00;1,38
8;1;377321;27/06/2007;1;850;0,00;2,08
8;1;377321;27/06/2007;1;1962;0,00;9,16
8;1;377321;27/06/2007;1;2000;7,65;3,12
8;1;377321;27/06/2007;1;2003;7,65;0,15
8;1;377321;27/06/2007;1;2505;0,00;2,08
8;1;377322;09/07/2014;1;368;0,00;1072,76
8;1;377330;01/06/2007;1;1972;0,00;29,44
8;1;377330;01/06/2007;1;2000;7,65;2,25
8;1;377348;08/09/2009;1;200;2,00;0,38
8;1;377348;08/09/2009;1;249;0,00;9,42
8;1;377348;08/09/2009;1;366;0,00;2,40
8;1;377348;08/09/2009;1;403;0,00;7,07
8;1;377348;08/09/2009;1;650;1,00;5,73
8;1;377348;08/09/2009;1;651;4,00;1,91
8;1;377348;08/09/2009;1;659;0,00;2,55
8;1;377348;08/09/2009;1;850;5,00;2,38
8;1;377348;08/09/2009;1;900;0,00;0,47
8;1;377348;08/09/2009;1;950;0,00;5,73
8;1;377348;08/09/2009;1;2000;8,00;1,54
8;1;377348;08/09/2009;1;2003;8,00;0,19
8;1;377348;08/09/2009;1;2505;0,00;2,85
8;1;377378;22/06/2009;1;200;8,00;2,50
8;1;377378;22/06/2009;1;224;0,00;1,36
8;1;377378;22/06/2009;1;234;0,00;14,22
8;1;377378;22/06/2009;1;265;0,00;71,11
8;1;377378;22/06/2009;1;286;50,00;284,44
8;1;377378;22/06/2009;1;363;0,00;11,98
8;1;377378;22/06/2009;1;364;0,00;2,85
8;1;377378;22/06/2009;1;366;0,00;28,44
8;1;377378;22/06/2009;1;650;12,00;10,43
8;1;377378;22/06/2009;1;651;2,00;1,74
8;1;377378;22/06/2009;1;659;0,00;4,06
8;1;377378;22/06/2009;1;850;0,00;4,34
8;1;377378;22/06/2009;1;900;0,00;0,87
8;1;377378;22/06/2009;1;950;0,00;10,43
8;1;377378;22/06/2009;1;1957;0,00;0,95
8;1;377378;22/06/2009;1;2000;8,00;33,42
8;1;377378;22/06/2009;1;2003;8,00;0,34
8;1;377378;22/06/2009;1;2505;0,00;5,21
8;1;377398;08/09/2009;1;200;11,00;2,10
8;1;377398;08/09/2009;1;651;10,00;4,78
8;1;377398;08/09/2009;1;659;0,00;1,59
8;1;377398;08/09/2009;1;850;2,00;0,96
8;1;377398;08/09/2009;1;900;0,00;0,47
8;1;377398;08/09/2009;1;950;0,00;5,73
8;1;377398;08/09/2009;1;2000;8,00;0,16
8;1;377398;08/09/2009;1;2003;8,00;0,07
8;1;377398;08/09/2009;1;2505;0,00;1,43
4;1;377399;30/04/2009;1;1955;0,00;287,50
8;1;377409;06/05/2015;1;247;0,00;496,00
8;1;377409;07/01/2016;1;247;0,00;286,93
8;1;377410;16/02/2009;1;200;2,00;0,08
8;1;377410;16/02/2009;1;651;8,00;4,21
8;1;377410;16/02/2009;1;659;0,00;1,40
8;1;377410;16/02/2009;1;850;0,00;0,10
8;1;377410;16/02/2009;1;900;0,00;0,10
8;1;377410;16/02/2009;1;1007;0,00;1,20
8;1;377410;16/02/2009;1;2505;0,00;0,20
8;1;377410;16/02/2009;1;9030;8,00;0,01
8;1;377416;31/05/2012;1;284;9,42;37,77
8;1;377416;31/05/2012;1;2000;8,00;3,02
4;1;377441;06/11/2009;1;200;17,00;1,33
4;1;377441;06/11/2009;1;363;0,00;0,25
4;1;377441;06/11/2009;1;366;0,00;7,11
4;1;377441;06/11/2009;1;651;7,00;1,40
4;1;377441;06/11/2009;1;659;0,00;0,47
4;1;377441;06/11/2009;1;850;6,00;1,51
4;1;377441;06/11/2009;1;2000;8,00;0,69
4;1;377441;06/11/2009;1;2003;8,00;0,12
4;1;377441;06/11/2009;1;2500;8,00;0,69
4;1;377441;06/11/2009;1;2505;0,00;1,51
4;1;377441;06/11/2009;1;9030;8,00;0,12
4;1;377442;15/12/2010;1;200;2,00;0,18
4;1;377442;15/12/2010;1;366;0,00;8,04
4;1;377442;15/12/2010;1;650;4,00;0,74
4;1;377442;15/12/2010;1;651;8,00;1,78
4;1;377442;15/12/2010;1;659;0,00;0,84
4;1;377442;15/12/2010;1;850;6,00;1,10
4;1;377442;15/12/2010;1;900;0,00;0,18
4;1;377442;15/12/2010;1;950;0,00;2,68
4;1;377442;15/12/2010;1;2000;8,00;0,65
4;1;377442;15/12/2010;1;2003;8,00;0,08
4;1;377442;15/12/2010;1;2505;0,00;1,28
8;1;377443;08/09/2009;1;200;13,00;2,48
8;1;377443;08/09/2009;1;257;3,49;0,16
8;1;377443;08/09/2009;1;265;0,00;0,04
8;1;377443;08/09/2009;1;651;10,00;4,78
8;1;377443;08/09/2009;1;659;0,00;1,59
8;1;377443;08/09/2009;1;850;3,00;1,43
8;1;377443;08/09/2009;1;2000;8,00;0,21
8;1;377443;08/09/2009;1;2003;8,00;0,11
8;1;377443;08/09/2009;1;2500;8,00;0,21
8;1;377443;08/09/2009;1;2505;0,00;1,43
8;1;377443;08/09/2009;1;9030;8,00;0,11
8;1;377445;12/05/2014;1;950;14,00;1194,72
8;1;377447;01/12/2014;1;222;0,00;0,45
8;1;377447;01/12/2014;1;265;0,00;0,01
8;1;377447;01/12/2014;1;286;0,17;0,07
8;1;377447;01/12/2014;1;651;7,00;7,87
8;1;377447;01/12/2014;1;659;0,00;2,62
8;1;377447;01/12/2014;1;850;3,00;3,39
8;1;377447;01/12/2014;1;900;2,00;2,26
8;1;377447;01/12/2014;1;950;48,00;21,75
8;1;377447;01/12/2014;1;2000;8,00;0,04
8;1;377447;01/12/2014;1;2003;8,00;0,27
8;1;377447;01/12/2014;1;2505;0,00;5,65
8;1;377450;02/05/2019;1;1955;0,00;684,08
8;1;377452;09/01/2013;1;361;0,00;26,01
8;1;377452;09/01/2013;1;364;0,00;17,62
8;1;377452;09/01/2013;1;2000;8,00;1,40
8;1;377465;09/11/2009;1;200;16,00;3,05
8;1;377465;09/11/2009;1;364;0,00;8,61
8;1;377465;09/11/2009;1;366;0,00;17,19
8;1;377465;09/11/2009;1;650;12,00;5,73
8;1;377465;09/11/2009;1;659;0,00;1,91
8;1;377465;09/11/2009;1;850;6,00;2,87
8;1;377465;09/11/2009;1;900;0,00;0,47
8;1;377465;09/11/2009;1;950;0,00;5,73
8;1;377465;09/11/2009;1;2000;8,00;2,30
8;1;377465;09/11/2009;1;2003;8,00;0,22
8;1;377465;09/11/2009;1;2505;0,00;3,34
4;1;377487;15/12/2010;1;200;2,00;0,18
4;1;377487;15/12/2010;1;363;0,00;0,71
4;1;377487;15/12/2010;1;366;0,00;10,64
4;1;377487;15/12/2010;1;651;8,00;1,78
4;1;377487;15/12/2010;1;659;0,00;0,60
4;1;377487;15/12/2010;1;850;7,00;1,55
4;1;377487;15/12/2010;1;2000;8,00;0,92
4;1;377487;15/12/2010;1;2003;8,00;0,12
4;1;377487;15/12/2010;1;2500;8,00;0,92
4;1;377487;15/12/2010;1;2505;0,00;1,55
4;1;377487;15/12/2010;1;9030;8,00;0,12
8;1;377519;08/09/2009;1;200;23,00;5,05
8;1;377519;08/09/2009;1;651;9,00;4,95
8;1;377519;08/09/2009;1;659;0,00;1,65
8;1;377519;08/09/2009;1;850;3,00;1,65
8;1;377519;08/09/2009;1;900;0,00;0,55
8;1;377519;08/09/2009;1;950;0,00;6,59
8;1;377519;08/09/2009;1;2000;8,00;0,40
8;1;377519;08/09/2009;1;2003;8,00;0,13
8;1;377519;08/09/2009;1;2505;0,00;2,20
8;1;377543;17/09/2010;1;200;1,00;0,07
8;1;377543;17/09/2010;1;651;9,00;1,55
8;1;377543;17/09/2010;1;659;0,00;0,52
8;1;377543;17/09/2010;1;850;3,00;0,51
8;1;377543;17/09/2010;1;900;0,00;0,17
8;1;377543;17/09/2010;1;950;0,00;2,08
8;1;377543;17/09/2010;1;2003;8,00;0,04
8;1;377543;17/09/2010;1;2505;0,00;0,68
8;1;377552;21/05/2010;1;284;12,51;56,00
8;1;377552;21/05/2010;1;2000;8,00;4,48
8;1;377577;01/07/2008;1;233;0,00;504,56
8;1;377593;09/11/2009;1;200;2,00;0,38
8;1;377593;09/11/2009;1;364;0,00;0,42
8;1;377593;09/11/2009;1;366;0,00;10,97
8;1;377593;09/11/2009;1;403;0,00;1,11
8;1;377593;09/11/2009;1;651;9,00;4,29
8;1;377593;09/11/2009;1;659;0,00;1,43
8;1;377593;09/11/2009;1;850;4,00;1,91
8;1;377593;09/11/2009;1;2000;8,00;1,03
8;1;377593;09/11/2009;1;2003;8,00;0,15
8;1;377593;09/11/2009;1;2500;8,00;1,03
8;1;377593;09/11/2009;1;2505;0,00;1,91
8;1;377593;09/11/2009;1;9030;8,00;0,15
8;1;377599;09/12/2011;1;285;0,00;85,80
8;1;377646;26/12/2011;1;200;13,00;1,62
8;1;377646;26/12/2011;1;364;0,00;6,00
8;1;377646;26/12/2011;1;366;0,00;4,75
8;1;377646;26/12/2011;1;650;1,00;3,74
8;1;377646;26/12/2011;1;651;10,00;3,11
8;1;377646;26/12/2011;1;659;0,00;2,28
8;1;377646;26/12/2011;1;850;4,00;1,24
8;1;377646;26/12/2011;1;2000;8,00;0,98
8;1;377646;26/12/2011;1;2003;8,00;0,09
8;1;377646;26/12/2011;1;2500;8,00;0,98
8;1;377646;26/12/2011;1;2505;0,00;1,24
8;1;377646;26/12/2011;1;9030;8,00;0,09
8;1;377649;27/10/2010;1;284;101,28;345,41
8;1;377649;27/10/2010;1;2000;8,00;27,63
8;1;377665;16/04/2014;1;347;1,00;1038,40
8;1;377671;02/05/2019;1;1955;0,00;162,14
8;1;377697;26/02/2010;1;233;0,00;577,70
8;1;377721;14/02/2012;1;200;29,00;44,33
8;1;377721;14/02/2012;1;651;4,00;3,88
8;1;377721;14/02/2012;1;659;0,00;1,29
8;1;377721;14/02/2012;1;2000;8,00;3,54
8;1;377721;14/02/2012;1;2500;8,00;3,54
8;1;377725;07/01/2009;1;200;1,00;19,10
8;1;377725;07/01/2009;1;2000;8,00;1,52
8;1;377725;07/01/2009;1;2500;8,00;1,52
8;1;377727;09/02/2012;1;364;0,00;30,88
8;1;377727;09/02/2012;1;366;0,00;7,51
8;1;377727;09/02/2012;1;2000;8,00;3,07
8;1;377727;09/02/2012;1;2500;8,00;3,07
8;1;377729;02/01/2008;1;265;0,00;6,81
8;1;377729;02/01/2008;1;289;7,00;27,22
8;1;377729;02/01/2008;1;2000;8,00;2,72
4;1;377735;15/12/2010;1;200;8,00;0,48
4;1;377735;15/12/2010;1;363;0,00;0,27
4;1;377735;15/12/2010;1;366;0,00;12,15
4;1;377735;15/12/2010;1;403;0,00;0,80
4;1;377735;15/12/2010;1;650;12,00;1,82
4;1;377735;15/12/2010;1;659;0,00;0,61
4;1;377735;15/12/2010;1;2000;8,00;1,09
4;1;377735;15/12/2010;1;2500;8,00;1,09
8;1;377772;26/04/2011;1;364;0,00;11,94
8;1;377772;26/04/2011;1;366;0,00;3,25
8;1;377772;26/04/2011;1;2000;8,00;1,21
8;1;377782;15/09/2010;1;236;0,00;204,78
8;1;377782;15/09/2010;1;2000;8,00;16,38
8;1;377798;08/09/2009;1;200;24,00;5,60
8;1;377798;08/09/2009;1;363;0,00;0,43
8;1;377798;08/09/2009;1;366;0,00;8,38
8;1;377798;08/09/2009;1;403;0,00;5,19
8;1;377798;08/09/2009;1;651;9,00;5,25
8;1;377798;08/09/2009;1;659;0,00;1,75
8;1;377798;08/09/2009;1;850;3,00;1,75
8;1;377798;08/09/2009;1;900;0,00;0,58
8;1;377798;08/09/2009;1;950;0,00;7,00
8;1;377798;08/09/2009;1;2000;8,00;1,56
8;1;377798;08/09/2009;1;2003;8,00;0,14
8;1;377798;08/09/2009;1;2505;0,00;2,33
8;1;377799;08/09/2009;1;249;0,00;11,83
8;1;377799;08/09/2009;1;366;0,00;2,07
8;1;377799;08/09/2009;1;651;7,00;4,08
8;1;377799;08/09/2009;1;659;0,00;1,36
8;1;377799;08/09/2009;1;850;4,00;2,33
8;1;377799;08/09/2009;1;2000;8,00;1,11
8;1;377799;08/09/2009;1;2003;8,00;0,18
8;1;377799;08/09/2009;1;2500;8,00;1,11
8;1;377799;08/09/2009;1;2505;0,00;2,33
8;1;377799;08/09/2009;1;9030;8,00;0,18
8;1;377801;24/04/2017;1;365;0,00;7,26
8;1;377801;24/04/2017;1;366;0,00;120,81
8;1;377801;24/04/2017;1;2000;8,00;10,24
8;1;377814;26/02/2010;1;233;0,00;577,70
8;1;377835;09/11/2009;1;200;14,00;3,46
8;1;377835;09/11/2009;1;364;0,00;6,95
8;1;377835;09/11/2009;1;366;0,00;14,86
8;1;377835;09/11/2009;1;651;9,00;5,56
8;1;377835;09/11/2009;1;659;0,00;1,85
8;1;377835;09/11/2009;1;850;7,00;4,32
8;1;377835;09/11/2009;1;2000;8,00;2,02
8;1;377835;09/11/2009;1;2003;8,00;0,34
8;1;377835;09/11/2009;1;2500;8,00;2,02
8;1;377835;09/11/2009;1;2505;0,00;4,32
8;1;377835;09/11/2009;1;9030;8,00;0,34
8;1;377847;16/11/2010;1;247;0,00;296,00
8;1;377853;08/08/2015;1;284;19,30;103,44
8;1;377853;08/08/2015;1;2000;8,00;8,27
8;1;377853;08/08/2015;1;2500;8,00;8,27
8;1;377869;06/02/2008;1;265;0,00;31,17
8;1;377869;06/02/2008;1;287;33,00;124,69
8;1;377869;06/02/2008;1;2000;8,00;12,46
8;1;377898;29/01/2008;1;265;0,00;43,54
8;1;377898;29/01/2008;1;287;46,02;174,16
8;1;377898;29/01/2008;1;2000;8,00;17,41
8;1;377924;28/06/2011;1;364;0,00;60,66
8;1;377924;28/06/2011;1;2000;8,00;4,85
8;1;377955;28/06/2011;1;361;0,00;33,41
8;1;377955;28/06/2011;1;364;0,00;11,63
8;1;377955;28/06/2011;1;2000;8,00;0,93
8;1;377955;28/06/2011;1;2500;8,00;0,93
8;1;377962;08/12/2009;1;364;0,00;15,63
8;1;377962;08/12/2009;1;2000;8,00;1,25
4;1;377981;15/12/2010;1;200;3,00;0,15
4;1;377981;15/12/2010;1;363;0,00;0,73
4;1;377981;15/12/2010;1;366;0,00;5,57
4;1;377981;15/12/2010;1;651;11,00;1,06
4;1;377981;15/12/2010;1;659;0,00;0,36
4;1;377981;15/12/2010;1;850;6,00;2,28
4;1;377981;15/12/2010;1;900;0,00;0,38
4;1;377981;15/12/2010;1;950;0,00;1,47
4;1;377981;15/12/2010;1;2000;8,00;0,51
4;1;377981;15/12/2010;1;2003;8,00;0,18
4;1;377981;15/12/2010;1;2505;0,00;2,66
8;1;378012;09/11/2009;1;200;13,00;3,38
8;1;378012;09/11/2009;1;366;0,00;7,80
8;1;378012;09/11/2009;1;651;3,00;1,95
8;1;378012;09/11/2009;1;659;0,00;0,65
8;1;378012;09/11/2009;1;850;3,00;1,95
8;1;378012;09/11/2009;1;900;0,00;0,65
8;1;378012;09/11/2009;1;2000;8,00;0,89
8;1;378012;09/11/2009;1;2003;8,00;0,15
8;1;378012;09/11/2009;1;2500;8,00;0,89
8;1;378012;09/11/2009;1;2505;0,00;2,60
8;1;378012;09/11/2009;1;9030;8,00;0,20
8;1;378024;29/06/2011;1;200;12,00;319,90
8;1;378024;29/06/2011;1;2000;8,00;25,59
8;1;378024;29/06/2011;1;2500;8,00;25,59
4;1;378030;06/11/2009;1;200;4,00;4,93
4;1;378030;06/11/2009;1;651;4,00;12,33
4;1;378030;06/11/2009;1;659;0,00;4,10
4;1;378030;06/11/2009;1;850;2,00;6,20
4;1;378030;06/11/2009;1;900;0,00;3,09
4;1;378030;06/11/2009;1;950;0,00;37,00
4;1;378030;06/11/2009;1;2000;8,00;0,39
4;1;378030;06/11/2009;1;2003;8,00;0,49
4;1;378030;06/11/2009;1;2505;0,00;9,29
4;1;378030;30/04/2009;1;1955;0,00;220,00
8;1;378138;07/01/2009;1;284;3,40;7,89
8;1;378138;07/01/2009;1;2000;8,00;0,63
8;1;378146;11/01/2013;1;363;0,00;1,93
8;1;378146;11/01/2013;1;364;0,00;29,68
8;1;378146;11/01/2013;1;2000;8,00;2,52
8;1;378146;11/01/2013;1;2500;8,00;2,52
8;1;378157;28/05/2012;1;950;3,00;76,85
8;1;378160;08/09/2009;1;200;18,00;4,46
8;1;378160;08/09/2009;1;651;12,00;7,44
8;1;378160;08/09/2009;1;659;0,00;2,48
8;1;378160;08/09/2009;1;850;3,00;1,86
8;1;378160;08/09/2009;1;2000;8,00;0,35
8;1;378160;08/09/2009;1;2003;8,00;0,14
8;1;378160;08/09/2009;1;2500;8,00;0,35
8;1;378160;08/09/2009;1;2505;0,00;1,86
8;1;378160;08/09/2009;1;9030;8,00;0,14
8;1;378182;17/09/2010;1;200;3,00;0,21
8;1;378182;17/09/2010;1;366;0,00;2,06
8;1;378182;17/09/2010;1;650;1,00;2,06
8;1;378182;17/09/2010;1;651;2,00;0,34
8;1;378182;17/09/2010;1;659;0,00;0,80
8;1;378182;17/09/2010;1;850;4,00;0,69
8;1;378182;17/09/2010;1;900;0,00;0,17
8;1;378182;17/09/2010;1;950;0,00;2,06
8;1;378182;17/09/2010;1;2000;8,00;0,18
8;1;378182;17/09/2010;1;2003;8,00;0,05
8;1;378182;17/09/2010;1;2505;0,00;0,86
8;1;378198;28/06/2011;1;364;0,00;6,96
8;1;378198;28/06/2011;1;2000;8,00;0,55
8;1;378213;12/01/2012;1;200;1,00;0,11
8;1;378213;12/01/2012;1;651;12,00;3,23
8;1;378213;12/01/2012;1;659;0,00;1,08
8;1;378215;08/09/2009;1;200;4,00;0,93
8;1;378215;08/09/2009;1;257;3,29;0,17
8;1;378215;08/09/2009;1;265;0,00;0,04
8;1;378215;08/09/2009;1;363;0,00;0,29
8;1;378215;08/09/2009;1;366;0,00;7,00
8;1;378215;08/09/2009;1;650;1,00;7,00
8;1;378215;08/09/2009;1;651;1,00;0,58
8;1;378215;08/09/2009;1;659;0,00;2,53
8;1;378215;08/09/2009;1;850;4,00;2,33
8;1;378215;08/09/2009;1;2000;8,00;0,67
8;1;378215;08/09/2009;1;2003;8,00;0,18
8;1;378215;08/09/2009;1;2500;8,00;0,67
8;1;378215;08/09/2009;1;2505;0,00;2,33
8;1;378215;08/09/2009;1;9030;8,00;0,18
8;1;378218;12/01/2012;1;200;20,00;2,77
8;1;378218;12/01/2012;1;366;0,00;8,30
8;1;378218;12/01/2012;1;650;12,00;4,15
8;1;378218;12/01/2012;1;651;3,00;1,04
8;1;378218;12/01/2012;1;659;0,00;1,73
8;1;378218;12/01/2012;1;850;6,00;2,07
8;1;378218;12/01/2012;1;900;0,00;0,35
8;1;378218;12/01/2012;1;950;1,00;4,15
8;1;378218;12/01/2012;1;2000;8,00;0,88
8;1;378218;12/01/2012;1;2003;8,00;0,16
8;1;378218;12/01/2012;1;2505;0,00;2,42
8;1;378225;12/01/2012;1;200;16,00;1,72
8;1;378225;12/01/2012;1;366;0,00;12,85
8;1;378225;12/01/2012;1;651;5,00;1,34
8;1;378225;12/01/2012;1;659;0,00;0,45
8;1;378225;12/01/2012;1;850;9,00;2,42
8;1;378225;12/01/2012;1;2000;8,00;1,16
8;1;378225;12/01/2012;1;2003;8,00;0,19
8;1;378225;12/01/2012;1;2500;8,00;1,16
8;1;378225;12/01/2012;1;2505;0,00;2,42
8;1;378225;12/01/2012;1;9030;8,00;0,19
8;1;378241;17/09/2010;1;200;19,00;1,30
8;1;378241;17/09/2010;1;366;0,00;8,24
8;1;378241;17/09/2010;1;650;1,00;2,06
8;1;378241;17/09/2010;1;651;4,00;0,69
8;1;378241;17/09/2010;1;659;0,00;0,92
8;1;378241;17/09/2010;1;850;8,00;1,37
8;1;378241;17/09/2010;1;2000;8,00;0,76
8;1;378241;17/09/2010;1;2003;8,00;0,10
8;1;378241;17/09/2010;1;2500;8,00;0,76
8;1;378241;17/09/2010;1;2505;0,00;1,37
8;1;378241;17/09/2010;1;9030;8,00;0,10
8;1;378246;11/08/2011;1;900;0,00;51,67
8;1;378246;11/08/2011;1;2505;0,00;51,67
8;1;378247;20/09/2010;1;200;12,00;0,82
8;1;378247;20/09/2010;1;366;0,00;8,24
8;1;378247;20/09/2010;1;650;1,00;2,06
8;1;378247;20/09/2010;1;651;3,00;0,52
8;1;378247;20/09/2010;1;659;0,00;0,86
8;1;378247;20/09/2010;1;850;7,00;1,20
8;1;378247;20/09/2010;1;2000;8,00;0,72
8;1;378247;20/09/2010;1;2003;8,00;0,09
8;1;378247;20/09/2010;1;2500;8,00;0,72
8;1;378247;20/09/2010;1;2505;0,00;1,20
8;1;378247;20/09/2010;1;9030;8,00;0,09
8;1;378292;12/01/2012;1;200;2,00;0,22
8;1;378292;12/01/2012;1;366;0,00;12,40
8;1;378292;12/01/2012;1;651;12,00;2,97
8;1;378292;12/01/2012;1;659;0,00;0,99
8;1;378292;12/01/2012;1;2000;8,00;1,00
8;1;378292;12/01/2012;1;2500;8,00;1,00
4;1;378304;06/11/2009;1;200;3,00;0,49
4;1;378304;06/11/2009;1;363;0,00;0,78
4;1;378304;06/11/2009;1;366;0,00;20,00
4;1;378304;06/11/2009;1;651;9,00;3,75
4;1;378304;06/11/2009;1;659;0,00;1,25
4;1;378304;06/11/2009;1;850;7,00;3,48
4;1;378304;06/11/2009;1;900;0,00;0,57
4;1;378304;06/11/2009;1;950;0,00;5,00
4;1;378304;06/11/2009;1;2000;8,00;1,70
4;1;378304;06/11/2009;1;2003;8,00;0,27
4;1;378304;06/11/2009;1;2505;0,00;4,05
8;1;378305;01/11/2011;1;284;25,41;92,81
8;1;378305;01/11/2011;1;2000;8,00;7,42
8;1;378309;12/01/2012;1;200;13,00;1,37
8;1;378309;12/01/2012;1;366;0,00;3,23
8;1;378309;12/01/2012;1;650;12,00;3,17
8;1;378309;12/01/2012;1;651;1,00;0,26
8;1;378309;12/01/2012;1;659;0,00;1,14
8;1;378309;12/01/2012;1;850;4,00;1,06
8;1;378309;12/01/2012;1;900;0,00;0,26
8;1;378309;12/01/2012;1;950;1,00;3,17
8;1;378309;12/01/2012;1;2000;8,00;0,36
8;1;378309;12/01/2012;1;2003;8,00;0,08
8;1;378309;12/01/2012;1;2505;0,00;1,32
8;1;378312;04/10/2010;1;200;6,00;0,42
8;1;378312;04/10/2010;1;651;11,00;1,89
8;1;378312;04/10/2010;1;659;0,00;0,63
8;1;378312;04/10/2010;1;850;3,00;0,52
8;1;378312;04/10/2010;1;900;0,00;0,17
8;1;378312;04/10/2010;1;950;0,00;2,06
8;1;378312;04/10/2010;1;2000;8,00;0,03
8;1;378312;04/10/2010;1;2003;8,00;0,04
8;1;378312;04/10/2010;1;2505;0,00;0,69
4;1;378316;15/09/2008;1;200;1,00;1,44
4;1;378316;15/09/2008;1;366;0,00;28,03
4;1;378316;15/09/2008;1;651;0,00;3,59
4;1;378316;15/09/2008;1;659;0,00;1,20
4;1;378316;15/09/2008;1;850;0,00;3,59
4;1;378316;15/09/2008;1;2000;8,00;2,35
4;1;378316;15/09/2008;1;2003;8,00;0,28
4;1;378316;15/09/2008;1;2505;0,00;3,59
8;1;378333;08/09/2009;1;200;1,00;0,23
8;1;378333;08/09/2009;1;363;0,00;0,17
8;1;378333;08/09/2009;1;366;0,00;14,00
8;1;378333;08/09/2009;1;651;12,00;7,00
8;1;378333;08/09/2009;1;659;0,00;2,33
8;1;378333;08/09/2009;1;850;5,00;2,92
8;1;378333;08/09/2009;1;2000;8,00;1,15
8;1;378333;08/09/2009;1;2003;8,00;0,23
8;1;378333;08/09/2009;1;2500;8,00;1,15
8;1;378333;08/09/2009;1;2505;0,00;2,92
8;1;378333;08/09/2009;1;9030;8,00;0,23
8;1;378336;08/09/2009;1;200;7,00;3,22
8;1;378336;08/09/2009;1;366;0,00;41,40
8;1;378336;08/09/2009;1;650;1,00;13,80
8;1;378336;08/09/2009;1;651;1,00;1,15
8;1;378336;08/09/2009;1;659;0,00;4,98
8;1;378336;08/09/2009;1;850;6,00;6,90
8;1;378336;08/09/2009;1;2000;8,00;3,56
8;1;378336;08/09/2009;1;2003;8,00;0,55
8;1;378336;08/09/2009;1;2505;0,00;6,90
8;1;378380;13/10/2009;1;364;0,00;0,31
8;1;378380;13/10/2009;1;366;0,00;4,36
8;1;378380;13/10/2009;1;2000;8,00;0,37
8;1;378380;13/10/2009;1;2500;8,00;0,37
8;1;378392;01/12/2015;1;200;26,00;3,78
8;1;378392;01/12/2015;1;222;0,00;0,11
8;1;378392;01/12/2015;1;265;0,00;0,34
8;1;378392;01/12/2015;1;298;9,75;1,67
8;1;378392;01/12/2015;1;363;0,00;3,25
8;1;378392;01/12/2015;1;364;0,00;25,64
8;1;378392;01/12/2015;1;365;0,00;0,65
8;1;378392;01/12/2015;1;366;0,00;21,80
8;1;378392;01/12/2015;1;651;3,00;1,09
8;1;378392;01/12/2015;1;659;0,00;0,36
8;1;378392;01/12/2015;1;850;9,00;3,27
8;1;378392;01/12/2015;1;1972;0,00;10,00
8;1;378392;01/12/2015;1;2000;8,00;5,37
8;1;378392;01/12/2015;1;2003;8,00;0,26
8;1;378392;01/12/2015;1;2500;8,00;5,37
8;1;378392;01/12/2015;1;2505;0,00;3,27
8;1;378392;01/12/2015;1;9030;8,00;0,26
4;1;378401;06/11/2009;1;200;11,00;1,84
4;1;378401;06/11/2009;1;366;0,00;5,00
4;1;378401;06/11/2009;1;651;6,00;2,50
4;1;378401;06/11/2009;1;659;0,00;0,83
4;1;378401;06/11/2009;1;850;4,00;2,66
4;1;378401;06/11/2009;1;900;0,00;0,67
4;1;378401;06/11/2009;1;950;0,00;5,00
4;1;378401;06/11/2009;1;2000;8,00;0,54
4;1;378401;06/11/2009;1;2003;8,00;0,21
4;1;378401;06/11/2009;1;2505;0,00;3,33
8;1;378419;09/11/2009;1;366;0,00;27,92
8;1;378419;09/11/2009;1;2000;8,00;2,23
8;1;378419;09/11/2009;1;2500;8,00;2,23
8;1;378497;16/09/2010;1;200;11,00;0,72
8;1;378497;16/09/2010;1;364;0,00;4,70
8;1;378497;16/09/2010;1;366;0,00;1,96
8;1;378497;16/09/2010;1;651;9,00;1,47
8;1;378497;16/09/2010;1;659;0,00;0,49
8;1;378497;16/09/2010;1;850;4,00;0,65
8;1;378497;16/09/2010;1;2000;8,00;0,59
8;1;378497;16/09/2010;1;2003;8,00;0,05
8;1;378497;16/09/2010;1;2500;8,00;0,59
8;1;378497;16/09/2010;1;2505;0,00;0,65
8;1;378497;16/09/2010;1;9030;8,00;0,05
8;1;378504;20/10/2010;1;200;2,00;0,82
8;1;378504;20/10/2010;1;204;3,00;1,26
8;1;378504;20/10/2010;1;364;0,00;2,93
8;1;378504;20/10/2010;1;366;0,00;1,23
8;1;378504;20/10/2010;1;403;0,00;15,11
8;1;378504;20/10/2010;1;558;0,00;0,41
8;1;378504;20/10/2010;1;651;11,00;11,33
8;1;378504;20/10/2010;1;659;0,00;3,78
8;1;378504;20/10/2010;1;850;6,00;6,18
8;1;378504;20/10/2010;1;2000;8,00;1,74
8;1;378504;20/10/2010;1;2003;8,00;0,49
8;1;378504;20/10/2010;1;2500;8,00;1,74
8;1;378504;20/10/2010;1;2505;0,00;6,18
8;1;378504;20/10/2010;1;9030;8,00;0,49
8;1;378527;20/03/2014;1;200;21,00;12,03
8;1;378527;20/03/2014;1;222;0,00;0,36
8;1;378527;20/03/2014;1;304;0,00;2,06
8;1;378527;20/03/2014;1;650;12,00;17,18
8;1;378527;20/03/2014;1;651;4,00;5,73
8;1;378527;20/03/2014;1;659;0,00;7,64
8;1;378527;20/03/2014;1;850;10,00;14,32
8;1;378527;20/03/2014;1;900;1,00;1,43
8;1;378527;20/03/2014;1;950;45,00;25,77
8;1;378527;20/03/2014;1;1972;0,00;0,66
8;1;378527;20/03/2014;1;2000;8,00;1,20
8;1;378527;20/03/2014;1;2003;8,00;1,14
8;1;378527;20/03/2014;1;2505;0,00;15,75
8;1;378532;01/04/2019;1;247;0,00;615,00
8;1;378532;05/05/2019;1;1955;0,00;1487,25
8;1;378532;11/10/2018;1;950;20,00;2293,08
8;1;378532;11/10/2018;1;2500;8,00;183,44
8;1;378551;12/01/2012;1;200;12,00;1,30
8;1;378551;12/01/2012;1;366;0,00;2,59
8;1;378551;12/01/2012;1;651;9,00;2,41
8;1;378551;12/01/2012;1;659;0,00;0,80
8;1;378551;12/01/2012;1;850;2,00;0,54
8;1;378551;12/01/2012;1;900;0,00;0,26
8;1;378551;12/01/2012;1;950;1,00;3,23
8;1;378551;12/01/2012;1;2000;8,00;0,31
8;1;378551;12/01/2012;1;2003;8,00;0,04
8;1;378551;12/01/2012;1;2505;0,00;0,80
8;1;378565;11/01/2010;1;257;14,00;67,43
8;1;378565;11/01/2010;1;265;0,00;13,49
8;1;378565;11/01/2010;1;2000;8,00;6,47
8;1;378565;11/01/2010;1;2500;8,00;6,47
4;1;378567;06/11/2009;1;200;5,00;0,83
4;1;378567;06/11/2009;1;363;0,00;0,62
4;1;378567;06/11/2009;1;366;0,00;30,00
4;1;378567;06/11/2009;1;651;11,00;4,58
4;1;378567;06/11/2009;1;659;0,00;1,53
4;1;378567;06/11/2009;1;850;9,00;3,75
4;1;378567;06/11/2009;1;900;0,00;0,42
4;1;378567;06/11/2009;1;950;0,00;5,00
4;1;378567;06/11/2009;1;2000;8,00;2,51
4;1;378567;06/11/2009;1;2003;8,00;0,30
4;1;378567;06/11/2009;1;2505;0,00;4,17
8;1;378571;07/04/2009;1;257;9,15;34,19
8;1;378571;07/04/2009;1;265;0,00;8,55
8;1;378571;07/04/2009;1;1972;0,00;35,65
8;1;378571;07/04/2009;1;2000;8,00;6,27
8;1;378571;07/04/2009;1;2500;8,00;6,27
8;1;378583;20/09/2010;1;200;3,00;0,21
8;1;378583;20/09/2010;1;366;0,00;8,24
8;1;378583;20/09/2010;1;651;11,00;1,89
8;1;378583;20/09/2010;1;659;0,00;0,63
8;1;378583;20/09/2010;1;850;7,00;1,20
8;1;378583;20/09/2010;1;2000;8,00;0,67
8;1;378583;20/09/2010;1;2003;8,00;0,09
8;1;378583;20/09/2010;1;2500;8,00;0,67
8;1;378583;20/09/2010;1;2505;0,00;1,20
8;1;378583;20/09/2010;1;9030;8,00;0,09
8;1;378587;01/12/2014;1;222;0,00;7,66
8;1;378587;01/12/2014;1;365;0,00;127,85
8;1;378587;01/12/2014;1;650;12,00;25,57
8;1;378587;01/12/2014;1;651;1,00;2,13
8;1;378587;01/12/2014;1;659;0,00;9,94
8;1;378587;01/12/2014;1;850;8,00;17,05
8;1;378587;01/12/2014;1;900;2,00;4,24
8;1;378587;01/12/2014;1;950;48,00;40,91
8;1;378587;01/12/2014;1;2000;8,00;10,84
8;1;378587;01/12/2014;1;2003;8,00;1,36
8;1;378587;01/12/2014;1;2505;0,00;21,29
8;1;378590;25/10/2013;1;200;2,00;4,38
8;1;378590;25/10/2013;1;248;0,00;0,40
8;1;378590;25/10/2013;1;651;5,00;20,65
8;1;378590;25/10/2013;1;659;0,00;6,88
8;1;378590;25/10/2013;1;850;2,00;8,77
8;1;378590;25/10/2013;1;2000;8,00;0,35
8;1;378590;25/10/2013;1;2003;8,00;0,70
8;1;378590;25/10/2013;1;2500;8,00;0,35
8;1;378590;25/10/2013;1;2505;0,00;8,77
8;1;378590;25/10/2013;1;9030;8,00;0,70
8;1;378590;28/05/2013;1;240;1,00;100,47
8;1;378590;28/05/2013;1;285;0,00;109,45
8;1;378590;28/05/2013;1;1962;0,00;364,82
8;1;378590;28/05/2013;1;2000;8,00;29,18
8;1;378590;28/05/2013;1;2500;8,00;29,18
8;1;378592;08/09/2009;1;200;6,00;2,76
8;1;378592;08/09/2009;1;363;0,00;0,77
8;1;378592;08/09/2009;1;366;0,00;13,80
8;1;378592;08/09/2009;1;651;8,00;9,20
8;1;378592;08/09/2009;1;659;0,00;3,07
8;1;378592;08/09/2009;1;850;4,00;4,60
8;1;378592;08/09/2009;1;2000;8,00;1,38
8;1;378592;08/09/2009;1;2003;8,00;0,36
8;1;378592;08/09/2009;1;2500;8,00;1,38
8;1;378592;08/09/2009;1;2505;0,00;4,60
8;1;378592;08/09/2009;1;9030;8,00;0,36
8;1;378594;15/01/2019;1;247;0,00;626,32
8;1;378594;15/01/2019;1;364;0,00;1,51
8;1;378594;15/01/2019;1;2000;8,00;0,12
8;1;378594;15/01/2019;1;2500;8,00;0,12
8;1;378608;27/12/2016;1;200;10,00;7,13
8;1;378608;27/12/2016;1;650;12,00;21,37
8;1;378608;27/12/2016;1;651;8,00;14,25
8;1;378608;27/12/2016;1;659;0,00;11,88
8;1;378608;27/12/2016;1;850;3,00;5,34
8;1;378608;27/12/2016;1;900;2,00;3,56
8;1;378608;27/12/2016;1;950;42,00;29,92
8;1;378608;27/12/2016;1;2000;8,00;0,57
8;1;378608;27/12/2016;1;2003;8,00;0,42
8;1;378608;27/12/2016;1;2505;0,00;8,90
8;1;378612;08/09/2009;1;200;30,00;13,80
8;1;378612;08/09/2009;1;366;0,00;27,60
8;1;378612;08/09/2009;1;651;9,00;10,35
8;1;378612;08/09/2009;1;659;0,00;3,45
8;1;378612;08/09/2009;1;850;6,00;6,90
8;1;378612;08/09/2009;1;2000;8,00;3,31
8;1;378612;08/09/2009;1;2003;8,00;0,55
8;1;378612;08/09/2009;1;2505;0,00;6,90
8;1;378621;26/12/2011;1;200;1,00;0,13
8;1;378621;26/12/2011;1;363;0,00;11,22
8;1;378621;26/12/2011;1;364;0,00;6,00
8;1;378621;26/12/2011;1;366;0,00;7,44
8;1;378621;26/12/2011;1;651;8,00;2,51
8;1;378621;26/12/2011;1;659;0,00;0,84
8;1;378621;26/12/2011;1;850;5,00;1,56
8;1;378621;26/12/2011;1;2000;8,00;1,98
8;1;378621;26/12/2011;1;2003;8,00;0,12
8;1;378621;26/12/2011;1;2500;8,00;1,98
8;1;378621;26/12/2011;1;2505;0,00;1,56
8;1;378621;26/12/2011;1;9030;8,00;0,12
8;1;378634;11/12/2008;1;257;38,40;135,62
8;1;378634;11/12/2008;1;259;37,51;176,64
8;1;378634;11/12/2008;1;265;0,00;78,07
8;1;378634;11/12/2008;1;1972;0,00;37,08
8;1;378634;11/12/2008;1;2000;8,00;34,19
8;1;378652;10/08/2011;1;850;1,00;55,29
8;1;378652;10/08/2011;1;2003;8,00;4,42
8;1;378652;10/08/2011;1;2505;0,00;55,29
8;1;378652;10/08/2011;1;9030;8,00;4,42
8;1;378661;08/09/2009;1;200;2,00;0,82
8;1;378661;08/09/2009;1;363;0,00;0,77
8;1;378661;08/09/2009;1;366;0,00;12,31
8;1;378661;08/09/2009;1;651;7,00;7,18
8;1;378661;08/09/2009;1;659;0,00;2,39
8;1;378661;08/09/2009;1;850;4,00;4,10
8;1;378661;08/09/2009;1;2000;8,00;1,11
8;1;378661;08/09/2009;1;2003;8,00;0,32
8;1;378661;08/09/2009;1;2500;8,00;1,11
8;1;378661;08/09/2009;1;2505;0,00;4,10
8;1;378661;08/09/2009;1;9030;8,00;0,32
4;1;378683;15/12/2010;1;200;14,00;0,78
4;1;378683;15/12/2010;1;366;0,00;7,80
4;1;378683;15/12/2010;1;403;0,00;0,73
4;1;378683;15/12/2010;1;651;10,00;1,39
4;1;378683;15/12/2010;1;659;0,00;0,43
4;1;378683;15/12/2010;1;850;8,00;1,11
4;1;378683;15/12/2010;1;900;0,00;0,13
4;1;378683;15/12/2010;1;950;0,00;1,67
4;1;378683;15/12/2010;1;2000;8,00;0,74
4;1;378683;15/12/2010;1;2003;8,00;0,08
4;1;378683;15/12/2010;1;2505;0,00;1,24
8;1;378689;09/12/2013;1;284;3,52;13,91
8;1;378689;09/12/2013;1;2000;8,00;1,11
8;1;378689;09/12/2013;1;2500;8,00;1,11
8;1;378690;08/09/2009;1;200;3,00;1,23
8;1;378690;08/09/2009;1;363;0,00;2,59
8;1;378690;08/09/2009;1;366;0,00;24,62
8;1;378690;08/09/2009;1;651;7,00;7,18
8;1;378690;08/09/2009;1;659;0,00;2,39
8;1;378690;08/09/2009;1;850;5,00;5,13
8;1;378690;08/09/2009;1;2000;8,00;2,27
8;1;378690;08/09/2009;1;2003;8,00;0,41
8;1;378690;08/09/2009;1;2500;8,00;2,27
8;1;378690;08/09/2009;1;2505;0,00;5,13
8;1;378690;08/09/2009;1;9030;8,00;0,41
8;1;378691;08/09/2009;1;200;30,00;0,95
8;1;378691;08/09/2009;1;366;0,00;1,90
8;1;378691;08/09/2009;1;651;8,00;0,63
8;1;378691;08/09/2009;1;659;0,00;0,21
8;1;378691;08/09/2009;1;850;6,00;0,47
8;1;378691;08/09/2009;1;2000;8,00;0,22
8;1;378691;08/09/2009;1;2003;8,00;0,03
8;1;378691;08/09/2009;1;2500;8,00;0,22
8;1;378691;08/09/2009;1;2505;0,00;0,47
8;1;378691;08/09/2009;1;9030;8,00;0,03
8;1;378695;28/06/2011;1;364;0,00;1,04
8;1;378695;28/06/2011;1;366;0,00;3,00
8;1;378695;28/06/2011;1;2000;8,00;0,32
8;1;378695;28/06/2011;1;2500;8,00;0,32
8;1;378698;02/05/2019;1;1955;0,00;1487,25
8;1;378707;27/11/2009;1;364;0,00;9,05
8;1;378707;27/11/2009;1;2000;8,00;0,72
8;1;378723;24/12/2010;1;257;8,48;40,88
8;1;378723;24/12/2010;1;265;0,00;8,18
8;1;378723;24/12/2010;1;2000;8,00;3,92
8;1;378723;24/12/2010;1;2500;8,00;3,92
8;1;378731;28/05/2012;1;950;3,00;76,08
8;1;378741;01/12/2014;1;363;0,00;2,75
8;1;378741;01/12/2014;1;364;0,00;4,77
8;1;378741;01/12/2014;1;2000;8,00;0,60
8;1;378747;28/02/2011;1;284;3,23;9,48
8;1;378747;28/02/2011;1;2000;8,00;0,75
8;1;378747;28/02/2011;1;2500;8,00;0,75
8;1;378788;29/05/2012;1;950;3,00;101,39
8;1;378800;17/06/2010;1;1972;0,00;57,00
8;1;378800;17/06/2010;1;2000;8,00;4,56
8;1;378800;17/06/2010;1;2500;8,00;4,56
8;1;378847;24/04/2010;1;1972;0,00;29,94
8;1;378847;24/04/2010;1;2000;8,00;2,39
8;1;378847;24/04/2010;1;2500;8,00;2,39
8;1;378915;09/11/2009;1;200;20,00;2,89
8;1;378915;09/11/2009;1;651;3,00;7,59
8;1;378915;09/11/2009;1;659;0,00;2,53
8;1;378915;09/11/2009;1;850;3,00;7,59
8;1;378915;09/11/2009;1;2000;8,00;0,23
8;1;378915;09/11/2009;1;2003;8,00;0,60
8;1;378915;09/11/2009;1;2505;0,00;7,59
8;1;378975;24/12/2009;1;200;8,00;6,14
8;1;378975;24/12/2009;1;257;0,24;0,04
8;1;378975;24/12/2009;1;265;0,00;0,01
8;1;378975;24/12/2009;1;363;0,00;7,01
8;1;378975;24/12/2009;1;364;0,00;34,36
8;1;378975;24/12/2009;1;366;0,00;92,00
8;1;378975;24/12/2009;1;651;7,00;13,41
8;1;378975;24/12/2009;1;659;0,00;4,47
8;1;378975;24/12/2009;1;850;6,00;11,50
8;1;378975;24/12/2009;1;1972;0,00;6,26
8;1;378975;24/12/2009;1;2000;8,00;11,66
8;1;378975;24/12/2009;1;2003;8,00;0,92
8;1;378975;24/12/2009;1;2500;8,00;11,66
8;1;378975;24/12/2009;1;2505;0,00;11,50
8;1;378975;24/12/2009;1;9030;8,00;0,92
4;1;378976;15/12/2010;1;200;11,00;0,62
4;1;378976;15/12/2010;1;366;0,00;3,34
4;1;378976;15/12/2010;1;651;7,00;0,09
4;1;378976;15/12/2010;1;659;0,00;0,03
4;1;378976;15/12/2010;1;850;5,00;0,76
4;1;378976;15/12/2010;1;900;0,00;0,15
4;1;378976;15/12/2010;1;950;0,00;0,30
4;1;378976;15/12/2010;1;2000;8,00;0,31
4;1;378976;15/12/2010;1;2003;8,00;0,06
4;1;378976;15/12/2010;1;2505;0,00;0,91
4;1;378978;06/11/2009;1;200;29,00;4,83
4;1;378978;06/11/2009;1;363;0,00;1,26
4;1;378978;06/11/2009;1;366;0,00;10,00
4;1;378978;06/11/2009;1;651;3,00;7,20
4;1;378978;06/11/2009;1;659;0,00;2,39
4;1;378978;06/11/2009;1;850;3,00;1,24
4;1;378978;06/11/2009;1;2000;8,00;1,28
4;1;378978;06/11/2009;1;2003;8,00;0,09
4;1;378978;06/11/2009;1;2505;0,00;1,24
4;1;378979;23/12/2011;1;200;12,00;3,01
4;1;378979;23/12/2011;1;363;0,00;0,35
4;1;378979;23/12/2011;1;366;0,00;7,53
4;1;378979;23/12/2011;1;650;4,00;2,51
4;1;378979;23/12/2011;1;651;6,00;3,76
4;1;378979;23/12/2011;1;659;0,00;2,09
4;1;378979;23/12/2011;1;850;4,00;2,51
4;1;378979;23/12/2011;1;900;0,00;0,66
4;1;378979;23/12/2011;1;950;30,00;7,53
4;1;378979;23/12/2011;1;2000;8,00;0,87
4;1;378979;23/12/2011;1;2003;8,00;0,20
4;1;378979;23/12/2011;1;2505;0,00;3,17
4;1;378980;06/11/2009;1;200;29,00;4,83
4;1;378980;06/11/2009;1;363;0,00;0,60
4;1;378980;06/11/2009;1;366;0,00;10,00
4;1;378980;06/11/2009;1;651;3,00;7,43
4;1;378980;06/11/2009;1;659;0,00;2,48
4;1;378980;06/11/2009;1;850;3,00;1,24
4;1;378980;06/11/2009;1;2000;8,00;1,23
4;1;378980;06/11/2009;1;2003;8,00;0,09
4;1;378980;06/11/2009;1;2505;0,00;1,24
8;1;378981;08/09/2009;1;200;30,00;45,00
8;1;378981;08/09/2009;1;366;0,00;45,00
8;1;378981;08/09/2009;1;651;2,00;7,50
8;1;378981;08/09/2009;1;659;0,00;2,50
8;1;378981;08/09/2009;1;850;2,00;7,50
8;1;378981;08/09/2009;1;2000;8,00;7,20
8;1;378981;08/09/2009;1;2003;8,00;0,60
8;1;378981;08/09/2009;1;2505;0,00;7,50
8;1;378982;21/09/2010;1;200;12,00;6,32
8;1;378982;21/09/2010;1;366;0,00;51,20
8;1;378982;21/09/2010;1;650;1,00;15,80
8;1;378982;21/09/2010;1;651;4,00;5,27
8;1;378982;21/09/2010;1;659;0,00;7,02
8;1;378982;21/09/2010;1;850;7,00;9,22
8;1;378982;21/09/2010;1;2000;8,00;4,60
8;1;378982;21/09/2010;1;2003;8,00;0,73
8;1;378982;21/09/2010;1;2500;8,00;4,60
8;1;378982;21/09/2010;1;2505;0,00;9,22
8;1;378982;21/09/2010;1;9030;8,00;0,73
8;1;378989;01/12/2014;1;222;0,00;0,74
8;1;378989;01/12/2014;1;365;0,00;11,15
8;1;378989;01/12/2014;1;650;12,00;11,15
8;1;378989;01/12/2014;1;651;1,00;0,92
8;1;378989;01/12/2014;1;659;0,00;4,02
8;1;378989;01/12/2014;1;2000;8,00;0,95
8;1;378989;01/12/2014;1;2500;8,00;0,95
8;1;379010;09/11/2009;1;200;7,00;5,98
8;1;379010;09/11/2009;1;366;0,00;44,63
8;1;379010;09/11/2009;1;651;2,00;4,26
8;1;379010;09/11/2009;1;659;0,00;1,42
8;1;379010;09/11/2009;1;850;2,00;4,26
8;1;379010;09/11/2009;1;2000;8,00;4,04
8;1;379010;09/11/2009;1;2003;8,00;0,34
8;1;379010;09/11/2009;1;2505;0,00;4,26
8;1;379012;09/02/2011;1;364;0,00;12,72
8;1;379012;09/02/2011;1;2000;8,00;1,01
8;1;379012;09/02/2011;1;2500;8,00;1,01
282;1;379038;01/02/2018;1;368;1,00;734,00
282;1;379038;01/02/2018;1;1955;7,00;510,35
282;1;379038;01/08/2017;1;232;6,00;2932,30
282;1;379038;01/08/2017;1;2000;11,00;322,55
282;1;379038;01/08/2017;1;2004;7,50;52,93
8;1;379062;09/11/2009;1;200;5,00;0,49
8;1;379062;09/11/2009;1;364;0,00;0,20
8;1;379062;09/11/2009;1;366;0,00;2,98
8;1;379062;09/11/2009;1;651;2,00;0,49
8;1;379062;09/11/2009;1;659;0,00;0,16
8;1;379062;09/11/2009;1;850;2,00;0,47
8;1;379062;09/11/2009;1;2000;8,00;0,29
8;1;379062;09/11/2009;1;2003;8,00;0,03
8;1;379062;09/11/2009;1;2505;0,00;0,47
8;1;379072;11/01/2013;1;363;0,00;0,94
8;1;379072;11/01/2013;1;364;0,00;11,63
8;1;379072;11/01/2013;1;2000;8,00;1,00
8;1;379072;11/01/2013;1;2500;8,00;1,00
8;1;379074;17/09/2010;1;200;1,00;0,43
8;1;379074;17/09/2010;1;366;0,00;25,60
8;1;379074;17/09/2010;1;650;1,00;12,80
8;1;379074;17/09/2010;1;659;0,00;4,27
8;1;379074;17/09/2010;1;850;5,00;5,33
8;1;379074;17/09/2010;1;2000;8,00;2,08
8;1;379074;17/09/2010;1;2003;8,00;0,42
8;1;379074;17/09/2010;1;2500;8,00;2,08
8;1;379074;17/09/2010;1;2505;0,00;5,33
8;1;379074;17/09/2010;1;9030;8,00;0,42
8;1;379102;05/11/2014;1;248;0,00;45,90
8;1;379102;26/03/2015;1;361;0,00;12,09
8;1;379102;26/03/2015;1;364;0,00;8,90
8;1;379102;26/03/2015;1;2000;8,00;0,71
8;1;379106;01/10/2010;1;200;2,00;1,05
8;1;379106;01/10/2010;1;366;0,00;39,47
8;1;379106;01/10/2010;1;651;2,00;2,63
8;1;379106;01/10/2010;1;659;0,00;0,88
8;1;379106;01/10/2010;1;850;7,00;9,22
8;1;379106;01/10/2010;1;2000;8,00;3,24
8;1;379106;01/10/2010;1;2003;8,00;0,73
8;1;379106;01/10/2010;1;2500;8,00;3,24
8;1;379106;01/10/2010;1;2505;0,00;9,22
8;1;379106;01/10/2010;1;9030;8,00;0,73
8;1;379108;12/01/2012;1;200;12,00;1,29
8;1;379108;12/01/2012;1;366;0,00;12,88
8;1;379108;12/01/2012;1;650;12,00;3,22
8;1;379108;12/01/2012;1;651;2,00;0,54
8;1;379108;12/01/2012;1;659;0,00;1,25
8;1;379108;12/01/2012;1;850;7,00;1,89
8;1;379108;12/01/2012;1;2000;8,00;1,13
8;1;379108;12/01/2012;1;2003;8,00;0,15
8;1;379108;12/01/2012;1;2500;8,00;1,13
8;1;379108;12/01/2012;1;2505;0,00;1,89
8;1;379108;12/01/2012;1;9030;8,00;0,15
8;1;379109;12/01/2012;1;200;20,00;2,15
8;1;379109;12/01/2012;1;651;10,00;2,69
8;1;379109;12/01/2012;1;659;0,00;0,89
8;1;379109;12/01/2012;1;850;4,00;1,08
8;1;379109;12/01/2012;1;2000;8,00;0,17
8;1;379109;12/01/2012;1;2003;8,00;0,08
8;1;379109;12/01/2012;1;2500;8,00;0,17
8;1;379109;12/01/2012;1;2505;0,00;1,08
8;1;379109;12/01/2012;1;9030;8,00;0,08
8;1;379113;12/08/2009;1;257;11,00;40,50
8;1;379113;12/08/2009;1;265;0,00;10,13
8;1;379113;12/08/2009;1;2000;8,00;4,05
8;1;379118;09/11/2009;1;200;15,00;20,00
8;1;379118;09/11/2009;1;363;0,00;1,15
8;1;379118;09/11/2009;1;364;0,00;4,25
8;1;379118;09/11/2009;1;366;0,00;58,67
8;1;379118;09/11/2009;1;651;2,00;6,67
8;1;379118;09/11/2009;1;659;0,00;2,22
8;1;379118;09/11/2009;1;850;2,00;6,67
8;1;379118;09/11/2009;1;2000;8,00;6,72
8;1;379118;09/11/2009;1;2003;8,00;0,53
8;1;379118;09/11/2009;1;2505;0,00;6,67
8;1;379151;13/01/2014;1;364;0,00;0,69
8;1;379151;13/01/2014;1;366;0,00;20,02
8;1;379151;13/01/2014;1;403;0,00;4,39
8;1;379151;13/01/2014;1;2000;8,00;2,00
8;1;379151;13/01/2014;1;2500;8,00;2,00
4;1;379153;06/11/2009;1;200;6,00;1,00
4;1;379153;06/11/2009;1;651;1,00;0,43
4;1;379153;06/11/2009;1;659;0,00;0,14
4;1;379153;06/11/2009;1;850;1,00;0,43
4;1;379153;06/11/2009;1;2000;8,00;0,08
4;1;379153;06/11/2009;1;2003;8,00;0,03
4;1;379153;06/11/2009;1;2505;0,00;0,43
4;1;379167;15/12/2010;1;200;5,00;1,84
4;1;379167;15/12/2010;1;651;4,00;8,38
4;1;379167;15/12/2010;1;659;0,00;2,79
4;1;379167;15/12/2010;1;850;3,00;5,43
4;1;379167;15/12/2010;1;2000;8,00;0,14
4;1;379167;15/12/2010;1;2003;8,00;0,43
4;1;379167;15/12/2010;1;2500;8,00;0,14
4;1;379167;15/12/2010;1;2505;0,00;5,43
4;1;379167;15/12/2010;1;9030;8,00;0,43
8;1;379168;08/09/2009;1;200;7,00;11,67
8;1;379168;08/09/2009;1;366;0,00;22,45
8;1;379168;08/09/2009;1;651;1,00;4,17
8;1;379168;08/09/2009;1;659;0,00;1,39
8;1;379168;08/09/2009;1;850;1,00;4,17
8;1;379168;08/09/2009;1;2000;8,00;2,72
8;1;379168;08/09/2009;1;2003;8,00;0,33
8;1;379168;08/09/2009;1;2500;8,00;2,72
8;1;379168;08/09/2009;1;2505;0,00;4,17
8;1;379168;08/09/2009;1;9030;8,00;0,33
8;1;379182;10/11/2009;1;200;30,00;468,00
8;1;379182;10/11/2009;1;2000;8,00;37,44
8;1;379182;10/11/2009;1;2500;8,00;37,44
8;1;379183;12/06/2012;1;200;1,00;29,40
8;1;379183;12/06/2012;1;2000;8,00;2,35
8;1;379183;12/06/2012;1;2500;8,00;2,35
4;1;379186;17/04/2014;1;200;6,00;1,60
4;1;379186;17/04/2014;1;363;0,00;0,02
4;1;379186;17/04/2014;1;366;0,00;15,96
4;1;379186;17/04/2014;1;651;6,00;3,99
4;1;379186;17/04/2014;1;659;0,00;1,33
4;1;379186;17/04/2014;1;850;5,00;3,32
4;1;379186;17/04/2014;1;2000;8,00;1,40
4;1;379186;17/04/2014;1;2003;8,00;0,26
4;1;379186;17/04/2014;1;2500;8,00;1,40
4;1;379186;17/04/2014;1;2505;0,00;3,32
4;1;379186;17/04/2014;1;9030;8,00;0,26
4;1;379187;23/12/2011;1;363;0,00;0,28
4;1;379187;23/12/2011;1;366;0,00;38,46
4;1;379187;23/12/2011;1;403;0,00;2,48
4;1;379187;23/12/2011;1;2000;8,00;3,29
8;1;379215;16/02/2012;1;224;30,00;390,50
8;1;379215;16/02/2012;1;2000;8,00;31,24
8;1;379215;16/02/2012;1;2500;8,00;31,24
8;1;379223;17/03/2010;1;1972;0,00;91,14
8;1;379223;17/03/2010;1;2000;8,00;7,29
8;1;379223;17/03/2010;1;2500;8,00;7,29
8;1;379228;20/05/2013;1;265;0,00;7,50
8;1;379228;20/05/2013;1;287;6,00;37,50
8;1;379228;20/05/2013;1;2000;8,00;3,60
8;1;379240;24/12/2009;1;248;0,00;0,13
8;1;379240;24/12/2009;1;361;0,00;3,70
8;1;379240;24/12/2009;1;364;0,00;6,12
8;1;379240;24/12/2009;1;366;0,00;28,80
8;1;379240;24/12/2009;1;651;3,00;7,20
8;1;379240;24/12/2009;1;659;0,00;2,40
8;1;379240;24/12/2009;1;850;3,00;7,20
8;1;379240;24/12/2009;1;2000;8,00;2,79
8;1;379240;24/12/2009;1;2003;8,00;0,57
8;1;379240;24/12/2009;1;2500;8,00;2,79
8;1;379240;24/12/2009;1;2505;0,00;7,20
8;1;379240;24/12/2009;1;9030;8,00;0,57
8;1;379296;16/09/2010;1;200;11,00;4,76
8;1;379296;16/09/2010;1;364;0,00;2,09
8;1;379296;16/09/2010;1;366;0,00;13,00
8;1;379296;16/09/2010;1;651;8,00;8,66
8;1;379296;16/09/2010;1;659;0,00;2,89
8;1;379296;16/09/2010;1;850;4,00;4,34
8;1;379296;16/09/2010;1;2000;8,00;1,58
8;1;379296;16/09/2010;1;2003;8,00;0,34
8;1;379296;16/09/2010;1;2500;8,00;1,58
8;1;379296;16/09/2010;1;2505;0,00;4,34
8;1;379296;16/09/2010;1;9030;8,00;0,34
8;1;379300;10/01/2013;1;284;13,00;51,47
8;1;379300;10/01/2013;1;2000;8,00;4,11
8;1;379300;10/01/2013;1;2500;8,00;4,11
8;1;379300;27/12/2012;1;361;0,00;41,13
8;1;379300;27/12/2012;1;364;0,00;55,18
8;1;379300;27/12/2012;1;2000;8,00;4,41
8;1;379300;27/12/2012;1;2500;8,00;4,41
8;1;379320;16/02/2012;1;200;2,00;0,25
8;1;379320;16/02/2012;1;650;12,00;3,68
8;1;379320;16/02/2012;1;651;4,00;1,22
8;1;379320;16/02/2012;1;659;0,00;1,63
8;1;379320;16/02/2012;1;850;1,00;4,74
8;1;379320;16/02/2012;1;2000;8,00;0,02
8;1;379320;16/02/2012;1;2003;8,00;0,37
8;1;379320;16/02/2012;1;2500;8,00;0,02
8;1;379320;16/02/2012;1;2505;0,00;4,74
8;1;379320;16/02/2012;1;9030;8,00;0,37
8;1;379326;09/06/2016;1;257;44,91;348,02
8;1;379326;09/06/2016;1;265;0,00;69,60
8;1;379326;09/06/2016;1;1972;0,00;7,19
8;1;379326;09/06/2016;1;2000;8,00;33,98
8;1;379326;09/06/2016;1;2500;8,00;33,98
8;1;379329;15/09/2010;1;236;0,00;126,67
8;1;379329;15/09/2010;1;2000;8,00;10,13
4;1;379330;23/12/2011;1;200;4,00;0,77
4;1;379330;23/12/2011;1;651;4,00;1,92
4;1;379330;23/12/2011;1;659;0,00;0,64
4;1;379330;23/12/2011;1;850;3,00;2,16
4;1;379330;23/12/2011;1;2000;8,00;0,06
4;1;379330;23/12/2011;1;2003;8,00;0,17
4;1;379330;23/12/2011;1;2500;8,00;0,06
4;1;379330;23/12/2011;1;2505;0,00;2,16
4;1;379330;23/12/2011;1;9030;8,00;0,17
8;1;379359;09/02/2011;1;364;0,00;4,78
8;1;379359;09/02/2011;1;2000;8,00;0,38
8;1;379362;17/09/2010;1;200;16,00;8,43
8;1;379362;17/09/2010;1;366;0,00;51,20
8;1;379362;17/09/2010;1;651;11,00;14,96
8;1;379362;17/09/2010;1;659;0,00;4,99
8;1;379362;17/09/2010;1;850;7,00;9,22
8;1;379362;17/09/2010;1;900;0,00;1,32
8;1;379362;17/09/2010;1;2000;8,00;4,77
8;1;379362;17/09/2010;1;2003;8,00;0,73
8;1;379362;17/09/2010;1;2500;8,00;4,77
8;1;379362;17/09/2010;1;2505;0,00;10,54
8;1;379362;17/09/2010;1;9030;8,00;0,84
276;1;379370;09/07/2011;1;248;0,00;81,95
276;1;379370;09/07/2011;1;1650;2,00;41,46
8;1;379371;20/06/2011;1;257;54,44;282,43
8;1;379371;20/06/2011;1;265;0,00;56,49
8;1;379371;20/06/2011;1;1972;0,00;19,43
8;1;379371;20/06/2011;1;2000;8,00;28,66
8;1;379373;02/05/2019;1;1955;0,00;944,69
8;1;379387;17/01/2014;1;257;33,28;197,65
8;1;379387;17/01/2014;1;265;0,00;39,53
8;1;379387;17/01/2014;1;2000;8,00;18,97
8;1;379394;05/01/2010;1;257;1,09;4,24
8;1;379394;05/01/2010;1;265;0,00;0,85
8;1;379394;05/01/2010;1;284;2,51;6,50
8;1;379394;05/01/2010;1;2000;8,00;0,92
8;1;379410;02/05/2019;1;1955;0,00;946,43
8;1;379432;13/10/2010;1;200;17,00;8,95
8;1;379432;13/10/2010;1;366;0,00;36,94
8;1;379432;13/10/2010;1;651;9,00;11,85
8;1;379432;13/10/2010;1;659;0,00;3,95
8;1;379432;13/10/2010;1;850;6,00;7,90
8;1;379432;13/10/2010;1;2000;8,00;3,67
8;1;379432;13/10/2010;1;2003;8,00;0,63
8;1;379432;13/10/2010;1;2500;8,00;3,67
8;1;379432;13/10/2010;1;2505;0,00;7,90
8;1;379432;13/10/2010;1;9030;8,00;0,63
4;1;379442;23/12/2011;1;363;0,00;0,35
4;1;379442;23/12/2011;1;366;0,00;40,32
4;1;379442;23/12/2011;1;2000;8,00;3,25
4;1;379449;23/12/2011;1;200;10,00;1,92
4;1;379449;23/12/2011;1;366;0,00;26,91
4;1;379449;23/12/2011;1;403;0,00;2,52
4;1;379449;23/12/2011;1;651;5,40;2,59
4;1;379449;23/12/2011;1;659;0,00;0,86
4;1;379449;23/12/2011;1;850;7,00;3,36
4;1;379449;23/12/2011;1;900;0,00;0,48
4;1;379449;23/12/2011;1;950;30,00;5,76
4;1;379449;23/12/2011;1;2000;8,00;2,50
4;1;379449;23/12/2011;1;2003;8,00;0,26
4;1;379449;23/12/2011;1;2505;0,00;3,84
8;1;379474;12/01/2012;1;200;22,00;2,44
8;1;379474;12/01/2012;1;366;0,00;60,38
8;1;379474;12/01/2012;1;403;0,00;21,84
8;1;379474;12/01/2012;1;651;10,00;2,77
8;1;379474;12/01/2012;1;659;0,00;0,92
8;1;379474;12/01/2012;1;850;9,00;2,49
8;1;379474;12/01/2012;1;2000;8,00;6,77
8;1;379474;12/01/2012;1;2003;8,00;0,19
8;1;379474;12/01/2012;1;2500;8,00;6,77
8;1;379474;12/01/2012;1;2505;0,00;2,49
8;1;379474;12/01/2012;1;9030;8,00;0,19
8;1;379500;28/06/2011;1;200;5,00;1,60
8;1;379500;28/06/2011;1;359;0,00;0,80
8;1;379500;28/06/2011;1;366;0,00;9,63
8;1;379500;28/06/2011;1;651;1,00;0,81
8;1;379500;28/06/2011;1;2000;8,00;0,96
8;1;379500;28/06/2011;1;2500;8,00;0,96
8;1;379546;10/05/2010;1;200;10,00;13,66
8;1;379546;10/05/2010;1;359;0,00;1,14
8;1;379546;10/05/2010;1;363;0,00;1,50
8;1;379546;10/05/2010;1;366;0,00;69,07
8;1;379546;10/05/2010;1;651;3,00;10,25
8;1;379546;10/05/2010;1;659;0,00;3,42
8;1;379546;10/05/2010;1;850;2,00;6,84
8;1;379546;10/05/2010;1;2000;8,00;6,82
8;1;379546;10/05/2010;1;2003;8,00;0,54
8;1;379546;10/05/2010;1;2505;0,00;6,84
8;1;379550;24/04/2013;1;285;0,00;377,40
8;1;379556;13/12/2010;1;284;38,55;103,83
8;1;379556;13/12/2010;1;2000;8,00;8,30
8;1;379556;13/12/2010;1;2500;8,00;8,30
8;1;379556;28/06/2011;1;200;3,00;4,33
8;1;379556;28/06/2011;1;359;0,00;3,08
8;1;379556;28/06/2011;1;361;0,00;50,61
8;1;379556;28/06/2011;1;364;0,00;6,79
8;1;379556;28/06/2011;1;366;0,00;204,39
8;1;379556;28/06/2011;1;651;12,00;43,22
8;1;379556;28/06/2011;1;659;0,00;14,41
8;1;379556;28/06/2011;1;850;11,00;39,62
8;1;379556;28/06/2011;1;2000;8,00;17,48
8;1;379556;28/06/2011;1;2003;8,00;3,16
8;1;379556;28/06/2011;1;2500;8,00;17,48
8;1;379556;28/06/2011;1;2505;0,00;39,62
8;1;379556;28/06/2011;1;9030;8,00;3,16
8;1;379559;05/09/2017;1;257;10,15;90,55
8;1;379559;05/09/2017;1;265;0,00;18,11
8;1;379559;05/09/2017;1;2000;8,00;8,69
8;1;379559;05/09/2017;1;2500;8,00;8,69
4;1;379598;23/12/2011;1;200;1,00;0,19
4;1;379598;23/12/2011;1;363;0,00;0,50
4;1;379598;23/12/2011;1;366;0,00;17,28
4;1;379598;23/12/2011;1;651;6,00;2,58
4;1;379598;23/12/2011;1;659;0,00;0,86
4;1;379598;23/12/2011;1;850;6,00;2,58
4;1;379598;23/12/2011;1;2000;8,00;1,43
4;1;379598;23/12/2011;1;2003;8,00;0,20
4;1;379598;23/12/2011;1;2500;8,00;1,43
4;1;379598;23/12/2011;1;2505;0,00;2,58
4;1;379598;23/12/2011;1;9030;8,00;0,20
8;1;379619;16/09/2010;1;200;1,00;0,43
8;1;379619;16/09/2010;1;651;2,00;2,13
8;1;379619;16/09/2010;1;659;0,00;0,71
8;1;379619;16/09/2010;1;850;2,00;2,13
8;1;379619;16/09/2010;1;2000;8,00;0,03
8;1;379619;16/09/2010;1;2003;8,00;0,17
8;1;379619;16/09/2010;1;2505;0,00;2,13
8;1;379621;16/09/2010;1;200;1,00;0,43
8;1;379621;16/09/2010;1;651;2,00;2,13
8;1;379621;16/09/2010;1;659;0,00;0,71
8;1;379621;16/09/2010;1;850;2,00;2,13
8;1;379621;16/09/2010;1;2000;8,00;0,03
8;1;379621;16/09/2010;1;2003;8,00;0,17
8;1;379621;16/09/2010;1;2505;0,00;2,13
8;1;379622;17/09/2010;1;200;13,00;4,26
8;1;379622;17/09/2010;1;651;3,00;2,46
8;1;379622;17/09/2010;1;659;0,00;0,82
8;1;379622;17/09/2010;1;850;2,00;1,64
8;1;379622;17/09/2010;1;900;0,00;0,82
8;1;379622;17/09/2010;1;2000;8,00;0,34
8;1;379622;17/09/2010;1;2003;8,00;0,13
8;1;379622;17/09/2010;1;2500;8,00;0,34
8;1;379622;17/09/2010;1;2505;0,00;2,46
8;1;379622;17/09/2010;1;9030;8,00;0,19
8;1;379624;16/05/2012;1;200;57,00;1611,64
8;1;379624;16/05/2012;1;651;1,00;90,69
8;1;379624;16/05/2012;1;659;0,00;30,23
8;1;379624;16/05/2012;1;850;1,00;84,44
8;1;379624;16/05/2012;1;2000;9,00;145,04
8;1;379624;16/05/2012;1;2003;8,00;6,75
8;1;379624;16/05/2012;1;2505;0,00;84,44
8;1;379630;31/08/2011;1;200;11,00;4,77
8;1;379630;31/08/2011;1;359;0,00;11,99
8;1;379630;31/08/2011;1;361;0,00;17,50
8;1;379630;31/08/2011;1;364;0,00;4,86
8;1;379630;31/08/2011;1;366;0,00;137,00
8;1;379630;31/08/2011;1;650;12,00;13,00
8;1;379630;31/08/2011;1;659;0,00;4,33
8;1;379630;31/08/2011;1;900;0,00;1,08
8;1;379630;31/08/2011;1;950;30,00;74,79
8;1;379630;31/08/2011;1;2000;8,00;12,68
8;1;379630;31/08/2011;1;2505;0,00;1,08
8;1;379643;17/09/2010;1;200;8,00;1,81
8;1;379643;17/09/2010;1;257;1,21;0,09
8;1;379643;17/09/2010;1;265;0,00;0,02
8;1;379643;17/09/2010;1;651;2,00;1,13
8;1;379643;17/09/2010;1;659;0,00;0,38
8;1;379643;17/09/2010;1;850;2,00;1,13
8;1;379643;17/09/2010;1;2000;8,00;0,15
8;1;379643;17/09/2010;1;2003;8,00;0,09
8;1;379643;17/09/2010;1;2505;0,00;1,13
8;1;379652;02/09/2011;1;200;8,00;2,61
8;1;379652;02/09/2011;1;248;0,00;2,80
8;1;379652;02/09/2011;1;361;0,00;21,00
8;1;379652;02/09/2011;1;364;0,00;0,46
8;1;379652;02/09/2011;1;366;0,00;19,56
8;1;379652;02/09/2011;1;651;7,00;5,70
8;1;379652;02/09/2011;1;659;0,00;1,90
8;1;379652;02/09/2011;1;850;7,00;5,70
8;1;379652;02/09/2011;1;900;0,00;0,81
8;1;379652;02/09/2011;1;950;30,00;9,78
8;1;379652;02/09/2011;1;1972;0,00;0,77
8;1;379652;02/09/2011;1;2000;8,00;1,87
8;1;379652;02/09/2011;1;2003;8,00;0,45
8;1;379652;02/09/2011;1;2505;0,00;6,51
8;1;379672;10/11/2011;1;233;0,00;771,62
4;1;379674;26/01/2016;1;357;0,00;4,44
4;1;379674;26/01/2016;1;359;0,00;9,92
4;1;379674;26/01/2016;1;365;0,00;1,32
4;1;379674;26/01/2016;1;366;0,00;83,87
4;1;379674;26/01/2016;1;403;0,00;13,32
4;1;379674;26/01/2016;1;2000;8,00;9,02
4;1;379678;28/04/2022;1;1955;12,00;17614,88
4;1;379678;28/04/2022;1;2012;0,00;1792,56
4;1;379684;15/12/2010;1;200;9,00;5,22
4;1;379684;15/12/2010;1;366;0,00;142,18
4;1;379684;15/12/2010;1;651;10,00;14,49
4;1;379684;15/12/2010;1;659;0,00;4,83
4;1;379684;15/12/2010;1;850;9,00;13,04
4;1;379684;15/12/2010;1;2000;8,00;11,79
4;1;379684;15/12/2010;1;2003;8,00;1,04
4;1;379684;15/12/2010;1;2505;0,00;13,04
8;1;379707;01/11/2013;1;651;7,00;16,69
8;1;379707;01/11/2013;1;659;0,00;5,57
8;1;379707;01/11/2013;1;850;9,00;8,08
8;1;379707;01/11/2013;1;2003;8,00;0,64
8;1;379707;01/11/2013;1;2505;0,00;8,08
8;1;379707;01/11/2013;1;9030;8,00;0,64
4;1;379711;15/12/2010;1;200;9,00;5,22
4;1;379711;15/12/2010;1;366;0,00;142,18
4;1;379711;15/12/2010;1;651;10,00;14,49
4;1;379711;15/12/2010;1;659;0,00;4,83
4;1;379711;15/12/2010;1;850;9,00;13,04
4;1;379711;15/12/2010;1;2000;8,00;11,79
4;1;379711;15/12/2010;1;2003;8,00;1,04
4;1;379711;15/12/2010;1;2505;0,00;13,04
4;1;379712;15/12/2010;1;200;9,00;5,22
4;1;379712;15/12/2010;1;366;0,00;142,18
4;1;379712;15/12/2010;1;651;10,00;14,49
4;1;379712;15/12/2010;1;659;0,00;4,83
4;1;379712;15/12/2010;1;850;9,00;13,04
4;1;379712;15/12/2010;1;2000;8,00;11,79
4;1;379712;15/12/2010;1;2003;8,00;1,04
4;1;379712;15/12/2010;1;2505;0,00;13,04
8;1;379721;28/12/2018;1;615;0,00;16,81
8;1;379721;28/12/2018;1;650;12,00;40,35
8;1;379721;28/12/2018;1;651;3,00;10,08
8;1;379721;28/12/2018;1;850;11,00;152,50
8;1;379721;28/12/2018;1;900;2,00;6,72
8;1;379721;28/12/2018;1;950;54,00;52,63
8;1;379721;28/12/2018;1;2003;8,00;12,73
8;1;379721;28/12/2018;1;2500;8,00;4,21
8;1;379721;28/12/2018;1;2505;0,00;159,22
8;1;379721;28/12/2018;1;9030;8,00;12,73
8;1;379722;15/01/2013;1;200;2,00;1,77
8;1;379722;15/01/2013;1;366;0,00;2,10
8;1;379722;15/01/2013;1;651;2,00;4,42
8;1;379722;15/01/2013;1;659;0,00;1,47
8;1;379722;15/01/2013;1;850;4,00;8,83
8;1;379722;15/01/2013;1;2000;8,00;0,30
8;1;379722;15/01/2013;1;2003;8,00;0,70
8;1;379722;15/01/2013;1;2500;8,00;0,30
8;1;379722;15/01/2013;1;2505;0,00;8,83
8;1;379722;15/01/2013;1;9030;8,00;0,70
4;1;379753;23/12/2011;1;366;0,00;12,00
4;1;379753;23/12/2011;1;2000;8,00;0,96
4;1;379753;23/12/2011;1;2500;8,00;0,96
8;1;379758;23/04/2014;1;950;8,00;265,09
8;1;379778;17/09/2010;1;200;25,00;13,34
8;1;379778;17/09/2010;1;366;0,00;188,00
8;1;379778;17/09/2010;1;651;5,00;6,66
8;1;379778;17/09/2010;1;659;0,00;2,22
8;1;379778;17/09/2010;1;850;6,00;8,00
8;1;379778;17/09/2010;1;2000;8,00;16,10
8;1;379778;17/09/2010;1;2003;8,00;0,64
8;1;379778;17/09/2010;1;2505;0,00;8,00
8;1;379780;30/11/2011;1;364;0,00;21,12
8;1;379780;30/11/2011;1;2000;8,00;1,68
8;1;379780;30/11/2011;1;2500;8,00;1,68
8;1;379782;20/03/2014;1;200;28,00;8,16
8;1;379782;20/03/2014;1;257;2,00;0,07
8;1;379782;20/03/2014;1;259;3,15;0,16
8;1;379782;20/03/2014;1;265;0,00;0,05
8;1;379782;20/03/2014;1;363;0,00;11,06
8;1;379782;20/03/2014;1;364;0,00;27,72
8;1;379782;20/03/2014;1;366;0,00;52,44
8;1;379782;20/03/2014;1;403;0,00;11,65
8;1;379782;20/03/2014;1;651;7,00;5,00
8;1;379782;20/03/2014;1;659;0,00;1,67
8;1;379782;20/03/2014;1;850;10,00;7,29
8;1;379782;20/03/2014;1;1972;0,00;0,35
8;1;379782;20/03/2014;1;2000;8,00;8,93
8;1;379782;20/03/2014;1;2003;8,00;0,58
8;1;379782;20/03/2014;1;2500;8,00;8,93
8;1;379782;20/03/2014;1;2505;0,00;7,29
8;1;379782;20/03/2014;1;9030;8,00;0,58
8;1;379791;10/05/2010;1;200;15,00;9,50
8;1;379791;10/05/2010;1;366;0,00;8,87
8;1;379791;10/05/2010;1;651;1,00;1,58
8;1;379791;10/05/2010;1;659;0,00;0,53
8;1;379791;10/05/2010;1;850;2,00;3,17
8;1;379791;10/05/2010;1;2000;8,00;1,46
8;1;379791;10/05/2010;1;2003;8,00;0,25
8;1;379791;10/05/2010;1;2505;0,00;3,17
8;1;379803;17/09/2010;1;200;20,00;8,66
8;1;379803;17/09/2010;1;257;2,19;0,19
8;1;379803;17/09/2010;1;265;0,00;0,04
8;1;379803;17/09/2010;1;366;0,00;13,00
8;1;379803;17/09/2010;1;651;2,00;3,06
8;1;379803;17/09/2010;1;659;0,00;1,02
8;1;379803;17/09/2010;1;850;2,00;2,16
8;1;379803;17/09/2010;1;2000;8,00;1,75
8;1;379803;17/09/2010;1;2003;8,00;0,17
8;1;379803;17/09/2010;1;2505;0,00;2,16
8;1;379804;03/01/2014;1;200;7,00;0,72
8;1;379804;03/01/2014;1;363;0,00;0,47
8;1;379804;03/01/2014;1;364;0,00;50,98
8;1;379804;03/01/2014;1;366;0,00;21,51
8;1;379804;03/01/2014;1;403;0,00;4,00
8;1;379804;03/01/2014;1;651;8,00;2,06
8;1;379804;03/01/2014;1;659;0,00;0,69
8;1;379804;03/01/2014;1;850;11,00;2,83
8;1;379804;03/01/2014;1;1972;0,00;3,95
8;1;379804;03/01/2014;1;2000;8,00;6,53
8;1;379804;03/01/2014;1;2003;8,00;0,22
8;1;379804;03/01/2014;1;2500;8,00;6,53
8;1;379804;03/01/2014;1;2505;0,00;2,83
8;1;379804;03/01/2014;1;9030;8,00;0,22
4;1;379817;17/04/2014;1;200;21,00;6,14
4;1;379817;17/04/2014;1;357;0,00;2,56
4;1;379817;17/04/2014;1;359;0,00;7,98
4;1;379817;17/04/2014;1;363;0,00;0,27
4;1;379817;17/04/2014;1;366;0,00;83,42
4;1;379817;17/04/2014;1;403;0,00;7,74
4;1;379817;17/04/2014;1;651;4,00;2,93
4;1;379817;17/04/2014;1;659;0,00;0,98
4;1;379817;17/04/2014;1;850;3,00;2,19
4;1;379817;17/04/2014;1;900;1,00;0,73
4;1;379817;17/04/2014;1;950;39,00;11,41
4;1;379817;17/04/2014;1;2000;8,00;8,64
4;1;379817;17/04/2014;1;2003;8,00;0,17
4;1;379817;17/04/2014;1;2505;0,00;2,92
4;1;379818;23/12/2011;1;200;6,00;2,40
4;1;379818;23/12/2011;1;363;0,00;0,40
4;1;379818;23/12/2011;1;366;0,00;24,00
4;1;379818;23/12/2011;1;651;6,00;6,00
4;1;379818;23/12/2011;1;659;0,00;2,00
4;1;379818;23/12/2011;1;850;5,00;5,00
4;1;379818;23/12/2011;1;2000;8,00;2,14
4;1;379818;23/12/2011;1;2003;8,00;0,40
4;1;379818;23/12/2011;1;2500;8,00;2,14
4;1;379818;23/12/2011;1;2505;0,00;5,00
4;1;379818;23/12/2011;1;9030;8,00;0,40
8;1;379822;17/09/2010;1;200;4,00;1,74
8;1;379822;17/09/2010;1;257;1,02;0,09
8;1;379822;17/09/2010;1;265;0,00;0,02
8;1;379822;17/09/2010;1;366;0,00;23,67
8;1;379822;17/09/2010;1;651;2,00;2,16
8;1;379822;17/09/2010;1;659;0,00;0,72
8;1;379822;17/09/2010;1;850;2,00;2,16
8;1;379822;17/09/2010;1;2000;8,00;2,04
8;1;379822;17/09/2010;1;2003;8,00;0,17
8;1;379822;17/09/2010;1;2505;0,00;2,16
8;1;379843;12/01/2012;1;200;6,00;3,31
8;1;379843;12/01/2012;1;650;12,00;16,60
8;1;379843;12/01/2012;1;651;3,00;4,15
8;1;379843;12/01/2012;1;659;0,00;5,53
8;1;379843;12/01/2012;1;2000;8,00;0,26
8;1;379843;12/01/2012;1;2500;8,00;0,26
8;1;379852;21/09/2010;1;200;8,00;3,46
8;1;379852;21/09/2010;1;2000;8,00;0,27
8;1;379852;21/09/2010;1;2500;8,00;0,27
8;1;379856;19/11/2010;1;200;11,00;4,77
8;1;379856;19/11/2010;1;257;6,05;0,52
8;1;379856;19/11/2010;1;265;0,00;0,10
8;1;379856;19/11/2010;1;363;0,00;0,85
8;1;379856;19/11/2010;1;366;0,00;21,23
8;1;379856;19/11/2010;1;651;2,00;2,18
8;1;379856;19/11/2010;1;659;0,00;0,73
8;1;379856;19/11/2010;1;850;2,00;2,17
8;1;379856;19/11/2010;1;2000;8,00;2,19
8;1;379856;19/11/2010;1;2003;8,00;0,17
8;1;379856;19/11/2010;1;2505;0,00;2,17
8;1;379860;28/06/2011;1;200;11,00;11,16
8;1;379860;28/06/2011;1;248;0,00;2,81
8;1;379860;28/06/2011;1;258;13,06;3,87
8;1;379860;28/06/2011;1;265;0,00;0,78
8;1;379860;28/06/2011;1;361;0,00;9,61
8;1;379860;28/06/2011;1;366;0,00;79,11
8;1;379860;28/06/2011;1;651;3,00;7,60
8;1;379860;28/06/2011;1;659;0,00;2,53
8;1;379860;28/06/2011;1;850;3,00;7,61
8;1;379860;28/06/2011;1;2000;8,00;7,59
8;1;379860;28/06/2011;1;2003;8,00;0,60
8;1;379860;28/06/2011;1;2505;0,00;7,61
8;1;379861;26/12/2011;1;363;0,00;4,15
8;1;379861;26/12/2011;1;364;0,00;36,60
8;1;379861;26/12/2011;1;366;0,00;12,79
8;1;379861;26/12/2011;1;2000;8,00;4,28
8;1;379861;26/12/2011;1;2500;8,00;4,28
8;1;379862;16/09/2010;1;200;20,00;25,20
8;1;379862;16/09/2010;1;257;5,14;1,62
8;1;379862;16/09/2010;1;265;0,00;0,32
8;1;379862;16/09/2010;1;651;1,00;3,15
8;1;379862;16/09/2010;1;659;0,00;1,05
8;1;379862;16/09/2010;1;850;2,00;6,30
8;1;379862;16/09/2010;1;2000;8,00;2,17
8;1;379862;16/09/2010;1;2003;8,00;0,50
8;1;379862;16/09/2010;1;2500;8,00;2,17
8;1;379862;16/09/2010;1;2505;0,00;6,30
8;1;379862;16/09/2010;1;9030;8,00;0,50
8;1;379890;17/09/2010;1;200;1,00;0,44
8;1;379890;17/09/2010;1;366;0,00;11,95
8;1;379890;17/09/2010;1;651;1,00;1,09
8;1;379890;17/09/2010;1;659;0,00;0,36
8;1;379890;17/09/2010;1;850;1,00;1,09
8;1;379890;17/09/2010;1;2000;8,00;0,99
8;1;379890;17/09/2010;1;2003;8,00;0,08
8;1;379890;17/09/2010;1;2500;8,00;0,99
8;1;379890;17/09/2010;1;2505;0,00;1,09
8;1;379890;17/09/2010;1;9030;8,00;0,08
8;1;379917;11/01/2013;1;364;0,00;7,30
8;1;379917;11/01/2013;1;2000;8,00;0,58
8;1;379917;11/01/2013;1;2500;8,00;0,58
8;1;379931;13/01/2014;1;364;0,00;10,38
8;1;379931;13/01/2014;1;2000;8,00;0,83
8;1;379931;13/01/2014;1;2500;8,00;0,83
8;1;379956;28/06/2011;1;200;8,00;20,79
8;1;379956;28/06/2011;1;364;0,00;3,75
8;1;379956;28/06/2011;1;366;0,00;57,14
8;1;379956;28/06/2011;1;651;7,00;27,27
8;1;379956;28/06/2011;1;659;0,00;9,09
8;1;379956;28/06/2011;1;850;5,00;19,49
8;1;379956;28/06/2011;1;900;0,00;3,90
8;1;379956;28/06/2011;1;2000;8,00;6,53
8;1;379956;28/06/2011;1;2003;8,00;1,55
8;1;379956;28/06/2011;1;2500;8,00;6,53
8;1;379956;28/06/2011;1;2505;0,00;23,39
8;1;379956;28/06/2011;1;9030;8,00;1,87
8;1;379966;16/02/2012;1;200;30,00;8,95
8;1;379966;16/02/2012;1;257;53,46;3,59
8;1;379966;16/02/2012;1;265;0,00;0,72
8;1;379966;16/02/2012;1;651;8,00;5,94
8;1;379966;16/02/2012;1;659;0,00;1,98
8;1;379966;16/02/2012;1;850;1,00;0,74
8;1;379966;16/02/2012;1;1957;0,00;0,87
8;1;379966;16/02/2012;1;2000;8,00;1,13
8;1;379966;16/02/2012;1;2003;8,00;0,05
8;1;379966;16/02/2012;1;2500;8,00;1,13
8;1;379966;16/02/2012;1;2505;0,00;0,74
8;1;379966;16/02/2012;1;9030;8,00;0,05
8;1;379970;17/01/2013;1;366;0,00;5,07
8;1;379970;17/01/2013;1;2000;8,00;0,40
8;1;379970;17/01/2013;1;2500;8,00;0,40
8;1;379973;28/06/2011;1;200;6,00;6,09
8;1;379973;28/06/2011;1;364;0,00;0,83
8;1;379973;28/06/2011;1;366;0,00;24,34
8;1;379973;28/06/2011;1;651;1,00;2,54
8;1;379973;28/06/2011;1;659;0,00;0,85
8;1;379973;28/06/2011;1;850;1,00;2,54
8;1;379973;28/06/2011;1;2000;8,00;2,50
8;1;379973;28/06/2011;1;2003;8,00;0,20
8;1;379973;28/06/2011;1;2505;0,00;2,54
8;1;379976;17/09/2010;1;200;14,00;21,93
8;1;379976;17/09/2010;1;366;0,00;35,88
8;1;379976;17/09/2010;1;651;1,00;3,92
8;1;379976;17/09/2010;1;659;0,00;1,31
8;1;379976;17/09/2010;1;850;1,00;3,92
8;1;379976;17/09/2010;1;2000;8,00;4,62
8;1;379976;17/09/2010;1;2003;8,00;0,31
8;1;379976;17/09/2010;1;2500;8,00;4,62
8;1;379976;17/09/2010;1;2505;0,00;3,92
8;1;379976;17/09/2010;1;9030;8,00;0,31
8;1;380032;31/03/2011;1;368;4,00;78,89
8;1;380052;12/01/2012;1;366;0,00;66,40
8;1;380052;12/01/2012;1;2000;8,00;5,31
8;1;380052;12/01/2012;1;2500;8,00;5,31
8;1;380053;22/01/2013;1;366;0,00;6,30
8;1;380053;22/01/2013;1;2000;8,00;0,50
8;1;380053;22/01/2013;1;2500;8,00;0,50
8;1;380055;28/06/2011;1;361;0,00;9,98
8;1;380055;28/06/2011;1;364;0,00;2,73
8;1;380055;28/06/2011;1;2000;8,00;0,21
8;1;380056;27/12/2012;1;364;0,00;70,58
8;1;380056;27/12/2012;1;2000;8,00;5,64
8;1;380056;27/12/2012;1;2500;8,00;5,64
8;1;380068;21/02/2012;1;200;6,00;154,22
8;1;380068;21/02/2012;1;2000;8,00;12,33
8;1;380068;21/02/2012;1;2500;8,00;12,33
8;1;380074;12/01/2012;1;366;0,00;49,80
8;1;380074;12/01/2012;1;2000;8,00;3,98
8;1;380074;12/01/2012;1;2500;8,00;3,98
8;1;380095;30/01/2012;1;366;0,00;66,40
8;1;380095;30/01/2012;1;2000;8,00;5,31
8;1;380095;30/01/2012;1;2500;8,00;5,31
8;1;380117;11/10/2016;1;265;0,00;3,38
8;1;380117;11/10/2016;1;286;2,03;16,91
8;1;380117;11/10/2016;1;2000;8,00;1,62
8;1;380117;14/11/2016;1;1972;0,00;49,78
8;1;380117;14/11/2016;1;2000;8,00;3,98
8;1;380120;09/08/2011;1;850;1,00;55,60
8;1;380120;09/08/2011;1;2003;8,00;4,44
8;1;380120;09/08/2011;1;2505;0,00;55,60
8;1;380120;09/08/2011;1;9030;8,00;4,44
8;1;380120;13/01/2012;1;200;2,00;1,10
8;1;380120;13/01/2012;1;651;9,00;12,41
8;1;380120;13/01/2012;1;659;0,00;4,14
8;1;380120;13/01/2012;1;850;1,00;1,36
8;1;380120;13/01/2012;1;2000;8,00;0,08
8;1;380120;13/01/2012;1;2003;8,00;0,10
8;1;380120;13/01/2012;1;2500;8,00;0,08
8;1;380120;13/01/2012;1;2505;0,00;1,36
8;1;380120;13/01/2012;1;9030;8,00;0,10
8;1;380136;26/12/2011;1;200;17,00;9,40
8;1;380136;26/12/2011;1;651;8,00;11,06
8;1;380136;26/12/2011;1;659;0,00;3,69
8;1;380136;26/12/2011;1;850;4,00;5,23
8;1;380136;26/12/2011;1;2000;8,00;0,75
8;1;380136;26/12/2011;1;2003;8,00;0,41
8;1;380136;26/12/2011;1;2500;8,00;0,75
8;1;380136;26/12/2011;1;2505;0,00;5,23
8;1;380136;26/12/2011;1;9030;8,00;0,41
8;1;380138;15/01/2013;1;200;21,00;1,29
8;1;380138;15/01/2013;1;366;0,00;1,84
8;1;380138;15/01/2013;1;651;9,00;1,08
8;1;380138;15/01/2013;1;659;0,00;0,36
8;1;380138;15/01/2013;1;850;5,00;0,77
8;1;380138;15/01/2013;1;2000;8,00;0,25
8;1;380138;15/01/2013;1;2003;8,00;0,06
8;1;380138;15/01/2013;1;2500;8,00;0,25
8;1;380138;15/01/2013;1;2505;0,00;0,77
8;1;380138;15/01/2013;1;9030;8,00;0,06
4;1;380143;15/12/2010;1;200;29,00;10,64
4;1;380143;15/12/2010;1;366;0,00;22,00
4;1;380143;15/12/2010;1;651;3,00;2,75
4;1;380143;15/12/2010;1;659;0,00;0,91
4;1;380143;15/12/2010;1;850;3,00;2,75
4;1;380143;15/12/2010;1;2000;8,00;2,61
4;1;380143;15/12/2010;1;2003;8,00;0,22
4;1;380143;15/12/2010;1;2505;0,00;2,75
8;1;380151;01/12/2010;1;247;0,00;296,00
4;1;380154;23/12/2011;1;200;19,00;8,00
4;1;380154;23/12/2011;1;363;0,00;0,39
4;1;380154;23/12/2011;1;366;0,00;48,00
4;1;380154;23/12/2011;1;651;9,00;9,00
4;1;380154;23/12/2011;1;659;0,00;3,00
4;1;380154;23/12/2011;1;850;7,00;7,00
4;1;380154;23/12/2011;1;900;0,00;1,00
4;1;380154;23/12/2011;1;950;30,00;12,00
4;1;380154;23/12/2011;1;2000;8,00;4,51
4;1;380154;23/12/2011;1;2003;8,00;0,56
4;1;380154;23/12/2011;1;2505;0,00;8,00
8;1;380158;13/01/2012;1;200;13,00;7,20
8;1;380158;13/01/2012;1;651;7,00;9,69
8;1;380158;13/01/2012;1;659;0,00;3,23
8;1;380158;13/01/2012;1;850;3,00;4,15
8;1;380158;13/01/2012;1;2000;8,00;0,57
8;1;380158;13/01/2012;1;2003;8,00;0,33
8;1;380158;13/01/2012;1;2500;8,00;0,57
8;1;380158;13/01/2012;1;2505;0,00;4,15
8;1;380158;13/01/2012;1;9030;8,00;0,33
8;1;380160;10/08/2016;1;200;2,00;0,32
8;1;380160;10/08/2016;1;222;0,00;0,01
8;1;380160;10/08/2016;1;248;0,00;1,88
8;1;380160;10/08/2016;1;359;0,00;0,25
8;1;380160;10/08/2016;1;361;0,00;77,18
8;1;380160;10/08/2016;1;364;0,00;1,13
8;1;380160;10/08/2016;1;365;0,00;0,16
8;1;380160;10/08/2016;1;366;0,00;19,46
8;1;380160;10/08/2016;1;651;8,00;3,24
8;1;380160;10/08/2016;1;659;0,00;1,08
8;1;380160;10/08/2016;1;850;4,00;1,62
8;1;380160;10/08/2016;1;1972;0,00;1,74
8;1;380160;10/08/2016;1;2000;8,00;1,84
8;1;380160;10/08/2016;1;2003;8,00;0,12
8;1;380160;10/08/2016;1;2500;8,00;1,84
8;1;380160;10/08/2016;1;2505;0,00;1,62
8;1;380160;10/08/2016;1;9030;8,00;0,12
8;1;380162;08/05/2019;1;1955;0,00;405,47
8;1;380164;11/01/2013;1;364;0,00;56,03
8;1;380164;11/01/2013;1;2000;8,00;4,48
8;1;380164;11/01/2013;1;2500;8,00;4,48
8;1;380230;04/12/2023;1;294;0,00;28,00
8;1;380241;25/07/2025;1;354;0,00;2928,36
8;1;380254;09/01/2014;1;650;12,00;3,78
8;1;380254;09/01/2014;1;659;0,00;1,26
8;1;380254;09/01/2014;1;850;10,00;0,32
8;1;380254;09/01/2014;1;1962;0,00;75,53
8;1;380254;09/01/2014;1;2000;8,00;6,04
8;1;380254;09/01/2014;1;2003;8,00;0,02
8;1;380254;09/01/2014;1;2500;8,00;6,04
8;1;380254;09/01/2014;1;2505;0,00;0,32
8;1;380254;09/01/2014;1;9030;8,00;0,02
8;1;380263;11/01/2013;1;363;0,00;0,65
8;1;380263;11/01/2013;1;364;0,00;5,50
8;1;380263;11/01/2013;1;2000;8,00;0,49
8;1;380263;11/01/2013;1;2500;8,00;0,49
8;1;380291;30/12/2011;1;200;27,00;14,94
8;1;380291;30/12/2011;1;364;0,00;3,10
8;1;380291;30/12/2011;1;366;0,00;16,60
8;1;380291;30/12/2011;1;651;7,00;9,69
8;1;380291;30/12/2011;1;659;0,00;3,23
8;1;380291;30/12/2011;1;850;5,00;6,91
8;1;380291;30/12/2011;1;2000;8,00;2,77
8;1;380291;30/12/2011;1;2003;8,00;0,55
8;1;380291;30/12/2011;1;2500;8,00;2,77
8;1;380291;30/12/2011;1;2505;0,00;6,91
8;1;380291;30/12/2011;1;9030;8,00;0,55
8;1;380315;22/10/2012;1;370;0,00;1703,17
8;1;380315;22/10/2012;1;650;1,00;0,80
8;1;380315;22/10/2012;1;651;10,00;140,48
8;1;380315;22/10/2012;1;659;0,00;47,09
8;1;380315;22/10/2012;1;850;3,00;68,83
8;1;380315;22/10/2012;1;1962;0,00;10,81
8;1;380315;22/10/2012;1;2000;8,00;0,86
8;1;380315;22/10/2012;1;2003;8,00;5,50
8;1;380315;22/10/2012;1;2500;8,00;0,86
8;1;380315;22/10/2012;1;2505;0,00;68,83
8;1;380315;22/10/2012;1;9030;8,00;5,50
8;1;380337;02/05/2019;1;1955;0,00;702,00
8;1;380359;13/01/2012;1;200;5,00;3,17
8;1;380359;13/01/2012;1;366;0,00;95,00
8;1;380359;13/01/2012;1;651;10,00;15,83
8;1;380359;13/01/2012;1;659;0,00;5,28
8;1;380359;13/01/2012;1;850;8,00;12,67
8;1;380359;13/01/2012;1;2000;8,00;7,85
8;1;380359;13/01/2012;1;2003;8,00;1,01
8;1;380359;13/01/2012;1;2505;0,00;12,67
8;1;380360;19/12/2012;1;200;4,00;0,35
8;1;380360;19/12/2012;1;248;0,00;0,66
8;1;380360;19/12/2012;1;285;0,00;292,40
8;1;380360;19/12/2012;1;650;12,00;2,66
8;1;380360;19/12/2012;1;651;1,00;0,22
8;1;380360;19/12/2012;1;659;0,00;0,96
8;1;380360;19/12/2012;1;850;11,00;2,44
8;1;380360;19/12/2012;1;2000;8,00;0,02
8;1;380360;19/12/2012;1;2003;8,00;0,19
8;1;380360;19/12/2012;1;2500;8,00;0,02
8;1;380360;19/12/2012;1;2505;0,00;2,44
8;1;380360;19/12/2012;1;9030;8,00;0,19
8;1;380377;28/06/2011;1;359;0,00;0,40
8;1;380377;28/06/2011;1;364;0,00;51,23
8;1;380377;28/06/2011;1;366;0,00;16,35
8;1;380377;28/06/2011;1;2000;8,00;5,43
8;1;380377;28/06/2011;1;2500;8,00;5,43
8;1;380378;08/10/2015;1;363;0,00;2,85
8;1;380378;08/10/2015;1;364;0,00;180,03
8;1;380378;08/10/2015;1;366;0,00;14,26
8;1;380378;08/10/2015;1;2000;8,00;15,77
8;1;380378;08/10/2015;1;2500;8,00;15,77
8;1;380378;15/04/2015;1;233;0,00;676,62
8;1;380379;01/12/2015;1;200;29,00;4,21
8;1;380379;01/12/2015;1;265;0,00;1,03
8;1;380379;01/12/2015;1;286;8,00;5,18
8;1;380379;01/12/2015;1;651;7,00;2,54
8;1;380379;01/12/2015;1;659;0,00;0,85
8;1;380379;01/12/2015;1;850;4,00;1,46
8;1;380379;01/12/2015;1;900;1,00;0,36
8;1;380379;01/12/2015;1;950;42,00;6,10
8;1;380379;01/12/2015;1;1972;0,00;9,09
8;1;380379;01/12/2015;1;2000;8,00;1,56
8;1;380379;01/12/2015;1;2003;8,00;0,11
8;1;380379;01/12/2015;1;2505;0,00;1,82
8;1;380381;04/06/2015;1;200;2,00;74,76
8;1;380381;04/06/2015;1;2000;8,00;5,98
8;1;380382;29/05/2012;1;233;0,00;887,88
8;1;380411;12/07/2011;1;200;9,00;13,43
8;1;380411;12/07/2011;1;366;0,00;350,41
8;1;380411;12/07/2011;1;651;6,00;22,41
8;1;380411;12/07/2011;1;659;0,00;7,47
8;1;380411;12/07/2011;1;850;5,00;18,68
8;1;380411;12/07/2011;1;2000;8,00;29,10
8;1;380411;12/07/2011;1;2003;8,00;1,49
8;1;380411;12/07/2011;1;2505;0,00;18,68
8;1;380412;28/06/2011;1;200;3,00;1,41
8;1;380412;28/06/2011;1;359;0,00;3,67
8;1;380412;28/06/2011;1;366;0,00;86,78
8;1;380412;28/06/2011;1;651;3,00;11,03
8;1;380412;28/06/2011;1;659;0,00;3,68
8;1;380412;28/06/2011;1;850;1,00;3,68
8;1;380412;28/06/2011;1;900;0,00;3,68
8;1;380412;28/06/2011;1;2000;8,00;7,34
8;1;380412;28/06/2011;1;2003;8,00;0,29
8;1;380412;28/06/2011;1;2500;8,00;7,34
8;1;380412;28/06/2011;1;2505;0,00;7,36
8;1;380412;28/06/2011;1;9030;8,00;0,58
8;1;380448;15/01/2015;1;259;8,07;76,17
8;1;380448;15/01/2015;1;265;0,00;18,27
8;1;380448;15/01/2015;1;378;0,00;15,25
8;1;380448;15/01/2015;1;2000;8,00;8,77
8;1;380464;09/02/2012;1;200;22,00;5,87
8;1;380464;09/02/2012;1;651;6,00;4,00
8;1;380464;09/02/2012;1;659;0,00;1,33
8;1;380464;09/02/2012;1;850;6,00;4,00
8;1;380464;09/02/2012;1;2000;8,00;0,46
8;1;380464;09/02/2012;1;2003;8,00;0,32
8;1;380464;09/02/2012;1;2505;0,00;4,00
8;1;380500;13/01/2012;1;200;3,00;1,66
8;1;380500;13/01/2012;1;366;0,00;33,20
8;1;380500;13/01/2012;1;651;6,00;8,30
8;1;380500;13/01/2012;1;659;0,00;2,77
8;1;380500;13/01/2012;1;850;5,00;6,91
8;1;380500;13/01/2012;1;2000;8,00;2,78
8;1;380500;13/01/2012;1;2003;8,00;0,55
8;1;380500;13/01/2012;1;2505;0,00;6,91
4;1;380514;23/12/2011;1;200;28,00;11,35
4;1;380514;23/12/2011;1;366;0,00;73,02
4;1;380514;23/12/2011;1;651;10,00;10,41
4;1;380514;23/12/2011;1;659;0,00;3,38
4;1;380514;23/12/2011;1;850;10,00;10,14
4;1;380514;23/12/2011;1;2000;8,00;6,74
4;1;380514;23/12/2011;1;2003;8,00;0,81
4;1;380514;23/12/2011;1;2505;0,00;10,14
4;1;380515;23/12/2011;1;200;28,00;11,35
4;1;380515;23/12/2011;1;366;0,00;73,02
4;1;380515;23/12/2011;1;651;10,00;10,14
4;1;380515;23/12/2011;1;659;0,00;3,38
4;1;380515;23/12/2011;1;850;10,00;10,14
4;1;380515;23/12/2011;1;2000;8,00;6,74
4;1;380515;23/12/2011;1;2003;8,00;0,81
4;1;380515;23/12/2011;1;2505;0,00;10,14
4;1;380516;23/12/2011;1;200;28,00;11,35
4;1;380516;23/12/2011;1;366;0,00;73,02
4;1;380516;23/12/2011;1;651;10,00;10,14
4;1;380516;23/12/2011;1;659;0,00;3,38
4;1;380516;23/12/2011;1;850;10,00;10,14
4;1;380516;23/12/2011;1;2000;8,00;6,74
4;1;380516;23/12/2011;1;2003;8,00;0,81
4;1;380516;23/12/2011;1;2505;0,00;10,14
8;1;380527;25/10/2013;1;651;3,00;3,05
8;1;380527;25/10/2013;1;659;0,00;1,01
8;1;380527;25/10/2013;1;900;0,00;3,05
8;1;380527;25/10/2013;1;950;36,00;43,90
8;1;380527;25/10/2013;1;2505;0,00;3,05
8;1;380527;28/05/2013;1;1962;0,00;42,08
8;1;380527;28/05/2013;1;2000;8,00;3,36
8;1;380532;14/01/2013;1;200;18,00;1,10
8;1;380532;14/01/2013;1;366;0,00;5,52
8;1;380532;14/01/2013;1;651;7,00;1,06
8;1;380532;14/01/2013;1;659;0,00;0,35
8;1;380532;14/01/2013;1;850;6,00;0,92
8;1;380532;14/01/2013;1;2000;8,00;0,52
8;1;380532;14/01/2013;1;2003;8,00;0,07
8;1;380532;14/01/2013;1;2500;8,00;0,52
8;1;380532;14/01/2013;1;2505;0,00;0,92
8;1;380532;14/01/2013;1;9030;8,00;0,07
8;1;380541;13/01/2012;1;200;7,00;3,88
8;1;380541;13/01/2012;1;366;0,00;49,80
8;1;380541;13/01/2012;1;651;6,00;8,30
8;1;380541;13/01/2012;1;659;0,00;2,77
8;1;380541;13/01/2012;1;850;6,00;8,30
8;1;380541;13/01/2012;1;2000;8,00;4,29
8;1;380541;13/01/2012;1;2003;8,00;0,66
8;1;380541;13/01/2012;1;2500;8,00;4,29
8;1;380541;13/01/2012;1;2505;0,00;8,30
8;1;380541;13/01/2012;1;9030;8,00;0,66
8;1;380547;11/01/2013;1;363;0,00;0,37
8;1;380547;11/01/2013;1;364;0,00;35,00
8;1;380547;11/01/2013;1;2000;8,00;2,82
8;1;380547;11/01/2013;1;2500;8,00;2,82
8;1;380560;30/12/2011;1;200;28,00;17,81
8;1;380560;30/12/2011;1;366;0,00;114,54
8;1;380560;30/12/2011;1;651;10,00;15,91
8;1;380560;30/12/2011;1;659;0,00;5,30
8;1;380560;30/12/2011;1;850;10,00;15,91
8;1;380560;30/12/2011;1;2000;8,00;10,58
8;1;380560;30/12/2011;1;2003;8,00;1,27
8;1;380560;30/12/2011;1;2505;0,00;15,91
8;1;380561;30/12/2011;1;200;28,00;17,81
8;1;380561;30/12/2011;1;366;0,00;114,54
8;1;380561;30/12/2011;1;651;10,00;15,91
8;1;380561;30/12/2011;1;659;0,00;5,30
8;1;380561;30/12/2011;1;850;10,00;15,91
8;1;380561;30/12/2011;1;2000;8,00;10,58
8;1;380561;30/12/2011;1;2003;8,00;1,27
8;1;380561;30/12/2011;1;2505;0,00;15,91
8;1;380562;13/01/2012;1;200;28,00;17,78
8;1;380562;13/01/2012;1;366;0,00;114,00
8;1;380562;13/01/2012;1;651;10,00;15,83
8;1;380562;13/01/2012;1;659;0,00;5,28
8;1;380562;13/01/2012;1;850;10,00;15,83
8;1;380562;13/01/2012;1;2000;8,00;10,54
8;1;380562;13/01/2012;1;2003;8,00;1,26
8;1;380562;13/01/2012;1;2505;0,00;15,83
8;1;380563;27/01/2012;1;200;28,00;17,73
8;1;380563;27/01/2012;1;366;0,00;114,00
8;1;380563;27/01/2012;1;651;10,00;15,83
8;1;380563;27/01/2012;1;659;0,00;5,28
8;1;380563;27/01/2012;1;850;10,00;15,83
8;1;380563;27/01/2012;1;2000;8,00;10,53
8;1;380563;27/01/2012;1;2003;8,00;1,26
8;1;380563;27/01/2012;1;2505;0,00;15,83
8;1;380564;13/01/2012;1;200;28,00;17,73
8;1;380564;13/01/2012;1;366;0,00;114,00
8;1;380564;13/01/2012;1;651;10,00;15,83
8;1;380564;13/01/2012;1;659;0,00;5,28
8;1;380564;13/01/2012;1;850;10,00;15,83
8;1;380564;13/01/2012;1;2000;8,00;10,53
8;1;380564;13/01/2012;1;2003;8,00;1,26
8;1;380564;13/01/2012;1;2505;0,00;15,83
8;1;380565;13/01/2012;1;200;28,00;17,73
8;1;380565;13/01/2012;1;366;0,00;114,00
8;1;380565;13/01/2012;1;651;10,00;15,83
8;1;380565;13/01/2012;1;659;0,00;5,28
8;1;380565;13/01/2012;1;850;10,00;15,83
8;1;380565;13/01/2012;1;2000;8,00;10,53
8;1;380565;13/01/2012;1;2003;8,00;1,26
8;1;380565;13/01/2012;1;2505;0,00;15,83
8;1;380566;13/01/2012;1;200;28,00;17,73
8;1;380566;13/01/2012;1;366;0,00;114,00
8;1;380566;13/01/2012;1;651;10,00;15,53
8;1;380566;13/01/2012;1;659;0,00;5,18
8;1;380566;13/01/2012;1;850;10,00;15,53
8;1;380566;13/01/2012;1;2000;8,00;10,53
8;1;380566;13/01/2012;1;2003;8,00;1,24
8;1;380566;13/01/2012;1;2505;0,00;15,53
8;1;380567;30/12/2011;1;200;28,00;17,81
8;1;380567;30/12/2011;1;366;0,00;114,54
8;1;380567;30/12/2011;1;651;10,00;15,91
8;1;380567;30/12/2011;1;659;0,00;5,30
8;1;380567;30/12/2011;1;850;10,00;15,91
8;1;380567;30/12/2011;1;2000;8,00;10,58
8;1;380567;30/12/2011;1;2003;8,00;1,27
8;1;380567;30/12/2011;1;2505;0,00;15,91
8;1;380568;13/01/2012;1;200;28,00;17,73
8;1;380568;13/01/2012;1;366;0,00;114,00
8;1;380568;13/01/2012;1;651;10,00;15,53
8;1;380568;13/01/2012;1;659;0,00;5,18
8;1;380568;13/01/2012;1;850;1,00;15,53
8;1;380568;13/01/2012;1;2000;8,00;10,53
8;1;380568;13/01/2012;1;2003;8,00;1,24
8;1;380568;13/01/2012;1;2505;0,00;15,53
8;1;380569;13/01/2012;1;200;28,00;17,73
8;1;380569;13/01/2012;1;366;0,00;114,00
8;1;380569;13/01/2012;1;651;10,00;15,83
8;1;380569;13/01/2012;1;659;0,00;5,28
8;1;380569;13/01/2012;1;850;10,00;15,83
8;1;380569;13/01/2012;1;2000;8,00;10,53
8;1;380569;13/01/2012;1;2003;8,00;1,26
8;1;380569;13/01/2012;1;2505;0,00;15,83
8;1;380570;13/01/2012;1;200;28,00;17,73
8;1;380570;13/01/2012;1;366;0,00;114,00
8;1;380570;13/01/2012;1;651;10,00;15,83
8;1;380570;13/01/2012;1;659;0,00;5,28
8;1;380570;13/01/2012;1;850;10,00;15,83
8;1;380570;13/01/2012;1;2000;8,00;10,53
8;1;380570;13/01/2012;1;2003;8,00;1,26
8;1;380570;13/01/2012;1;2505;0,00;15,83
8;1;380571;13/01/2012;1;200;28,00;17,73
8;1;380571;13/01/2012;1;366;0,00;114,00
8;1;380571;13/01/2012;1;651;10,00;15,83
8;1;380571;13/01/2012;1;659;0,00;5,28
8;1;380571;13/01/2012;1;850;10,00;15,83
8;1;380571;13/01/2012;1;2000;8,00;10,53
8;1;380571;13/01/2012;1;2003;8,00;1,26
8;1;380571;13/01/2012;1;2505;0,00;15,83
8;1;380572;30/12/2011;1;200;28,00;17,81
8;1;380572;30/12/2011;1;366;0,00;114,54
8;1;380572;30/12/2011;1;651;10,00;15,91
8;1;380572;30/12/2011;1;659;0,00;5,30
8;1;380572;30/12/2011;1;850;10,00;15,86
8;1;380572;30/12/2011;1;2000;8,00;10,58
8;1;380572;30/12/2011;1;2003;8,00;1,26
8;1;380572;30/12/2011;1;2505;0,00;15,86
8;1;380573;13/01/2012;1;200;28,00;17,73
8;1;380573;13/01/2012;1;366;0,00;114,00
8;1;380573;13/01/2012;1;651;10,00;15,83
8;1;380573;13/01/2012;1;659;0,00;5,28
8;1;380573;13/01/2012;1;850;10,00;15,83
8;1;380573;13/01/2012;1;2000;8,00;10,53
8;1;380573;13/01/2012;1;2003;8,00;1,26
8;1;380573;13/01/2012;1;2505;0,00;15,83
4;1;380586;23/12/2011;1;200;1,00;0,39
4;1;380586;23/12/2011;1;363;0,00;0,62
4;1;380586;23/12/2011;1;366;0,00;12,00
4;1;380586;23/12/2011;1;651;3,00;3,00
4;1;380586;23/12/2011;1;659;0,00;1,00
4;1;380586;23/12/2011;1;850;3,00;3,00
4;1;380586;23/12/2011;1;2000;8,00;1,04
4;1;380586;23/12/2011;1;2003;8,00;0,24
4;1;380586;23/12/2011;1;2505;0,00;3,00
4;1;380596;14/08/2013;1;200;13,00;13,27
4;1;380596;14/08/2013;1;2000;8,00;1,06
4;1;380596;14/08/2013;1;2500;8,00;1,06
4;1;380598;23/12/2011;1;200;23,00;9,00
4;1;380598;23/12/2011;1;363;0,00;0,30
4;1;380598;23/12/2011;1;366;0,00;60,00
4;1;380598;23/12/2011;1;651;9,00;9,84
4;1;380598;23/12/2011;1;659;0,00;3,27
4;1;380598;23/12/2011;1;850;8,00;8,00
4;1;380598;23/12/2011;1;900;0,00;1,75
4;1;380598;23/12/2011;1;950;30,00;12,00
4;1;380598;23/12/2011;1;2000;8,00;5,54
4;1;380598;23/12/2011;1;2003;8,00;0,64
4;1;380598;23/12/2011;1;2505;0,00;9,75
8;1;380606;22/04/2016;1;950;10,00;395,29
8;1;380609;14/06/2018;1;950;14,00;674,07
8;1;380629;13/01/2012;1;200;7,00;3,88
8;1;380629;13/01/2012;1;651;2,00;2,76
8;1;380629;13/01/2012;1;659;0,00;0,92
8;1;380629;13/01/2012;1;850;2,00;2,76
8;1;380629;13/01/2012;1;2000;8,00;0,31
8;1;380629;13/01/2012;1;2003;8,00;0,22
8;1;380629;13/01/2012;1;2505;0,00;2,76
8;1;380674;27/06/2017;1;230;1,00;233,34
8;1;380677;13/01/2012;1;200;5,00;2,76
8;1;380677;13/01/2012;1;366;0,00;16,60
8;1;380677;13/01/2012;1;651;2,00;2,76
8;1;380677;13/01/2012;1;659;0,00;0,92
8;1;380677;13/01/2012;1;850;2,00;2,76
8;1;380677;13/01/2012;1;2000;8,00;1,54
8;1;380677;13/01/2012;1;2003;8,00;0,22
8;1;380677;13/01/2012;1;2505;0,00;2,76
8;1;380678;14/01/2013;1;366;0,00;18,80
8;1;380678;14/01/2013;1;2000;8,00;1,50
8;1;380678;14/01/2013;1;2500;8,00;1,50
8;1;380724;16/08/2013;1;233;0,00;856,27
8;1;380724;16/08/2013;1;2500;8,00;68,50
8;1;380724;16/08/2013;1;2505;0,00;856,27
8;1;380724;16/08/2013;1;9030;8,00;68,50
4;1;380738;23/12/2011;1;363;0,00;1,22
4;1;380738;23/12/2011;1;366;0,00;82,80
4;1;380738;23/12/2011;1;2000;8,00;6,72
8;1;380748;27/06/2011;1;293;0,00;190,14
8;1;380755;14/06/2019;1;1955;0,00;342,04
8;1;380755;24/05/2019;1;1972;0,00;100,64
8;1;380755;24/05/2019;1;2000;8,00;8,05
8;1;380755;24/05/2019;1;2500;8,00;8,05
8;1;380787;16/01/2013;1;200;16,00;1,06
8;1;380787;16/01/2013;1;366;0,00;31,60
8;1;380787;16/01/2013;1;651;3,00;0,50
8;1;380787;16/01/2013;1;659;0,00;0,17
8;1;380787;16/01/2013;1;850;7,00;1,16
8;1;380787;16/01/2013;1;2000;8,00;2,61
8;1;380787;16/01/2013;1;2003;8,00;0,09
8;1;380787;16/01/2013;1;2500;8,00;2,61
8;1;380787;16/01/2013;1;2505;0,00;1,16
8;1;380787;16/01/2013;1;9030;8,00;0,09
8;1;380800;14/05/2019;1;1955;0,00;693,20
4;1;380812;23/12/2011;1;363;0,00;0,54
4;1;380812;23/12/2011;1;366;0,00;74,40
4;1;380812;23/12/2011;1;2000;8,00;5,99
4;1;380813;23/12/2011;1;363;0,00;1,86
4;1;380813;23/12/2011;1;366;0,00;38,40
4;1;380813;23/12/2011;1;2000;8,00;3,22
4;1;380813;23/12/2011;1;2500;8,00;3,22
4;1;380814;17/04/2014;1;200;9,00;2,12
4;1;380814;17/04/2014;1;366;0,00;42,42
4;1;380814;17/04/2014;1;651;10,00;5,89
4;1;380814;17/04/2014;1;659;0,00;1,96
4;1;380814;17/04/2014;1;850;9,00;5,30
4;1;380814;17/04/2014;1;2000;8,00;3,56
4;1;380814;17/04/2014;1;2003;8,00;0,42
4;1;380814;17/04/2014;1;2500;8,00;3,56
4;1;380814;17/04/2014;1;2505;0,00;5,30
4;1;380814;17/04/2014;1;9030;8,00;0,42
8;1;380844;15/01/2013;1;366;0,00;31,60
8;1;380844;15/01/2013;1;2000;8,00;2,52
8;1;380865;08/10/2013;1;200;29,00;17,01
8;1;380865;08/10/2013;1;366;0,00;52,80
8;1;380865;08/10/2013;1;650;12,00;17,60
8;1;380865;08/10/2013;1;651;4,00;5,87
8;1;380865;08/10/2013;1;659;0,00;7,82
8;1;380865;08/10/2013;1;850;7,00;10,27
8;1;380865;08/10/2013;1;900;0,00;1,47
8;1;380865;08/10/2013;1;950;36,00;21,12
8;1;380865;08/10/2013;1;2000;8,00;5,58
8;1;380865;08/10/2013;1;2003;8,00;0,82
8;1;380865;08/10/2013;1;2505;0,00;11,74
8;1;380879;26/12/2011;1;200;2,00;0,93
8;1;380879;26/12/2011;1;366;0,00;13,53
8;1;380879;26/12/2011;1;651;1,00;1,17
8;1;380879;26/12/2011;1;659;0,00;0,39
8;1;380879;26/12/2011;1;850;1,00;1,17
8;1;380879;26/12/2011;1;2000;8,00;1,15
8;1;380879;26/12/2011;1;2003;8,00;0,09
8;1;380879;26/12/2011;1;2505;0,00;1,17
8;1;380893;18/05/2012;1;284;6,35;22,86
8;1;380893;18/05/2012;1;2000;8,00;1,82
8;1;380894;21/01/2013;1;200;2,00;0,99
8;1;380894;21/01/2013;1;366;0,00;29,60
8;1;380894;21/01/2013;1;650;1,00;14,80
8;1;380894;21/01/2013;1;651;1,00;1,23
8;1;380894;21/01/2013;1;659;0,00;5,34
8;1;380894;21/01/2013;1;850;5,00;6,17
8;1;380894;21/01/2013;1;2000;8,00;2,44
8;1;380894;21/01/2013;1;2003;8,00;0,49
8;1;380894;21/01/2013;1;2500;8,00;2,44
8;1;380894;21/01/2013;1;2505;0,00;6,17
8;1;380894;21/01/2013;1;9030;8,00;0,49
8;1;380917;02/05/2019;1;1955;0,00;1725,80
8;1;380965;08/10/2013;1;200;5,00;2,93
8;1;380965;08/10/2013;1;651;10,00;45,34
8;1;380965;08/10/2013;1;659;0,00;15,11
8;1;380965;08/10/2013;1;850;3,00;13,60
8;1;380965;08/10/2013;1;2000;8,00;0,23
8;1;380965;08/10/2013;1;2003;8,00;1,08
8;1;380965;08/10/2013;1;2500;8,00;0,23
8;1;380965;08/10/2013;1;2505;0,00;13,60
8;1;380965;08/10/2013;1;9030;8,00;1,08
8;1;381001;26/12/2011;1;200;9,00;17,10
8;1;381001;26/12/2011;1;363;0,00;2,92
8;1;381001;26/12/2011;1;364;0,00;6,00
8;1;381001;26/12/2011;1;366;0,00;83,60
8;1;381001;26/12/2011;1;651;2,00;9,50
8;1;381001;26/12/2011;1;659;0,00;3,17
8;1;381001;26/12/2011;1;850;1,00;4,75
8;1;381001;26/12/2011;1;2000;8,00;8,76
8;1;381001;26/12/2011;1;2003;8,00;0,38
8;1;381001;26/12/2011;1;2500;8,00;8,76
8;1;381001;26/12/2011;1;2505;0,00;4,75
8;1;381001;26/12/2011;1;9030;8,00;0,38
8;1;381003;02/08/2016;1;265;0,00;13,77
8;1;381003;02/08/2016;1;288;7,25;68,87
8;1;381003;02/08/2016;1;359;0,00;31,16
8;1;381003;02/08/2016;1;363;0,00;27,69
8;1;381003;02/08/2016;1;364;0,00;110,13
8;1;381003;02/08/2016;1;366;0,00;124,64
8;1;381003;02/08/2016;1;2000;8,00;30,10
8;1;381003;02/08/2016;1;2500;8,00;30,10
8;1;381007;10/09/2012;1;200;3,00;65,30
8;1;381007;10/09/2012;1;2000;8,00;5,22
4;1;381009;28/12/2012;1;200;20,00;11,76
4;1;381009;28/12/2012;1;257;1,11;0,13
4;1;381009;28/12/2012;1;265;0,00;0,02
4;1;381009;28/12/2012;1;651;4,00;5,16
4;1;381009;28/12/2012;1;659;0,00;1,72
4;1;381009;28/12/2012;1;850;3,00;4,35
4;1;381009;28/12/2012;1;2000;8,00;0,95
4;1;381009;28/12/2012;1;2003;8,00;0,34
4;1;381009;28/12/2012;1;2500;8,00;0,95
4;1;381009;28/12/2012;1;2505;0,00;4,35
4;1;381009;28/12/2012;1;9030;8,00;0,34
8;1;381013;14/01/2013;1;200;1,00;0,40
8;1;381013;14/01/2013;1;366;0,00;24,00
8;1;381013;14/01/2013;1;651;11,00;11,00
8;1;381013;14/01/2013;1;659;0,00;3,67
8;1;381013;14/01/2013;1;850;5,00;5,00
8;1;381013;14/01/2013;1;2000;8,00;1,95
8;1;381013;14/01/2013;1;2003;8,00;0,40
8;1;381013;14/01/2013;1;2505;0,00;5,00
8;1;381025;26/12/2011;1;200;29,00;13,53
8;1;381025;26/12/2011;1;366;0,00;14,00
8;1;381025;26/12/2011;1;651;2,00;2,33
8;1;381025;26/12/2011;1;659;0,00;0,78
8;1;381025;26/12/2011;1;850;2,00;2,33
8;1;381025;26/12/2011;1;2000;8,00;2,20
8;1;381025;26/12/2011;1;2003;8,00;0,18
8;1;381025;26/12/2011;1;2505;0,00;2,33
8;1;381028;12/05/2014;1;265;0,00;0,38
8;1;381028;12/05/2014;1;286;4,00;1,96
8;1;381028;12/05/2014;1;651;10,00;28,02
8;1;381028;12/05/2014;1;659;0,00;9,34
8;1;381028;12/05/2014;1;850;3,00;40,94
8;1;381028;12/05/2014;1;950;36,00;3,94
8;1;381028;12/05/2014;1;1972;0,00;31,27
8;1;381028;12/05/2014;1;2000;8,00;2,68
8;1;381028;12/05/2014;1;2003;8,00;3,27
8;1;381028;12/05/2014;1;2505;0,00;40,94
8;1;381036;31/12/2012;1;361;0,00;121,03
8;1;381036;31/12/2012;1;363;0,00;4,85
8;1;381036;31/12/2012;1;364;0,00;76,01
8;1;381036;31/12/2012;1;366;0,00;155,70
8;1;381036;31/12/2012;1;2000;8,00;18,92
8;1;381093;24/04/2012;1;284;3,11;14,79
8;1;381093;24/04/2012;1;2000;8,00;1,18
8;1;381110;13/01/2012;1;200;22,00;12,47
8;1;381110;13/01/2012;1;366;0,00;3,42
8;1;381110;13/01/2012;1;651;1,00;1,32
8;1;381110;13/01/2012;1;659;0,00;0,44
8;1;381110;13/01/2012;1;850;1,00;1,32
8;1;381110;13/01/2012;1;2000;8,00;1,27
8;1;381110;13/01/2012;1;2003;8,00;0,10
8;1;381110;13/01/2012;1;2500;8,00;1,27
8;1;381110;13/01/2012;1;2505;0,00;1,32
8;1;381110;13/01/2012;1;9030;8,00;0,10
8;1;381115;13/01/2012;1;200;29,00;3,61
8;1;381115;13/01/2012;1;366;0,00;17,00
8;1;381115;13/01/2012;1;651;2,00;0,62
8;1;381115;13/01/2012;1;659;0,00;0,21
8;1;381115;13/01/2012;1;850;2,00;0,62
8;1;381115;13/01/2012;1;2000;8,00;1,64
8;1;381115;13/01/2012;1;2003;8,00;0,04
8;1;381115;13/01/2012;1;2505;0,00;0,62
8;1;381116;16/01/2013;1;200;29,00;14,31
8;1;381116;16/01/2013;1;366;0,00;28,52
8;1;381116;16/01/2013;1;651;11,00;13,57
8;1;381116;16/01/2013;1;659;0,00;4,52
8;1;381116;16/01/2013;1;850;6,00;7,40
8;1;381116;16/01/2013;1;2000;0,00;3,43
8;1;381116;16/01/2013;1;2003;0,00;0,59
8;1;381116;16/01/2013;1;2500;8,00;3,42
8;1;381116;16/01/2013;1;2505;0,00;7,40
8;1;381116;16/01/2013;1;9030;8,00;0,59
8;1;381122;02/05/2018;1;900;1,00;274,41
8;1;381122;02/05/2018;1;2505;0,00;274,41
8;1;381154;08/10/2013;1;200;2,00;1,17
8;1;381154;08/10/2013;1;650;7,00;31,74
8;1;381154;08/10/2013;1;651;1,00;4,54
8;1;381154;08/10/2013;1;659;0,00;12,09
8;1;381154;08/10/2013;1;850;1,00;4,54
8;1;381154;08/10/2013;1;2000;8,00;0,09
8;1;381154;08/10/2013;1;2003;8,00;0,36
8;1;381154;08/10/2013;1;2500;8,00;0,09
8;1;381154;08/10/2013;1;2505;0,00;4,54
8;1;381154;08/10/2013;1;9030;8,00;0,36
8;1;381159;11/01/2013;1;200;12,00;5,92
8;1;381159;11/01/2013;1;363;0,00;3,04
8;1;381159;11/01/2013;1;364;0,00;7,00
8;1;381159;11/01/2013;1;366;0,00;14,80
8;1;381159;11/01/2013;1;651;9,00;11,10
8;1;381159;11/01/2013;1;659;0,00;3,70
8;1;381159;11/01/2013;1;850;4,00;4,93
8;1;381159;11/01/2013;1;2000;8,00;2,46
8;1;381159;11/01/2013;1;2003;8,00;0,39
8;1;381159;11/01/2013;1;2500;8,00;2,46
8;1;381159;11/01/2013;1;2505;0,00;4,93
8;1;381159;11/01/2013;1;9030;8,00;0,39
4;1;381166;25/04/2019;1;1955;0,00;7130,69
4;1;381166;25/04/2019;1;2012;0,00;534,80
4;1;381169;23/12/2011;1;366;0,00;27,60
4;1;381169;23/12/2011;1;2000;8,00;2,20
4;1;381169;23/12/2011;1;2500;8,00;2,20
8;1;381183;05/12/2016;1;200;12,00;0,98
8;1;381183;05/12/2016;1;366;0,00;9,72
8;1;381183;05/12/2016;1;651;11,00;2,23
8;1;381183;05/12/2016;1;659;0,00;0,75
8;1;381183;05/12/2016;1;850;7,00;1,35
8;1;381183;05/12/2016;1;2000;8,00;0,85
8;1;381183;05/12/2016;1;2003;8,00;0,10
8;1;381183;05/12/2016;1;2500;8,00;0,85
8;1;381183;05/12/2016;1;2505;0,00;1,35
8;1;381183;05/12/2016;1;9030;8,00;0,10
4;1;381225;23/12/2011;1;366;0,00;15,99
4;1;381225;23/12/2011;1;2000;8,00;1,27
8;1;381239;02/05/2019;1;1955;0,00;1213,84
8;1;381240;28/05/2012;1;257;11,00;54,93
8;1;381240;28/05/2012;1;265;0,00;10,99
8;1;381240;28/05/2012;1;2000;8,00;5,27
8;1;381240;28/05/2012;1;2500;8,00;5,27
8;1;381242;28/05/2014;1;364;0,00;37,35
8;1;381242;28/05/2014;1;2000;8,00;2,98
8;1;381242;28/05/2014;1;2500;8,00;2,98
8;1;381244;20/05/2016;1;364;0,00;140,98
8;1;381244;20/05/2016;1;366;0,00;1,60
8;1;381244;20/05/2016;1;2000;8,00;11,40
8;1;381244;20/05/2016;1;2500;8,00;11,40
8;1;381257;20/11/2013;1;368;0,00;903,81
8;1;381257;20/11/2013;1;1972;0,00;117,49
8;1;381257;20/11/2013;1;2000;8,00;9,39
8;1;381257;20/11/2013;1;2500;8,00;9,39
8;1;381268;25/09/2020;1;1972;0,00;52,95
8;1;381268;25/09/2020;1;2000;7,50;3,97
8;1;381268;25/09/2020;1;2500;8,00;4,23
8;1;381268;30/10/2020;1;238;0,00;96,16
8;1;381297;27/01/2014;1;368;0,00;920,00
8;1;381313;06/12/2012;1;200;11,00;4,35
8;1;381313;06/12/2012;1;363;0,00;0,64
8;1;381313;06/12/2012;1;366;0,00;35,58
8;1;381313;06/12/2012;1;650;1,00;11,86
8;1;381313;06/12/2012;1;659;0,00;3,95
8;1;381313;06/12/2012;1;850;9,00;8,90
8;1;381313;06/12/2012;1;2000;8,00;3,24
8;1;381313;06/12/2012;1;2003;8,00;0,71
8;1;381313;06/12/2012;1;2500;8,00;3,24
8;1;381313;06/12/2012;1;2505;0,00;8,90
8;1;381313;06/12/2012;1;9030;8,00;0,71
8;1;381327;11/11/2013;1;284;23,20;95,10
8;1;381327;11/11/2013;1;2000;8,00;7,60
8;1;381327;11/11/2013;1;2500;8,00;7,60
8;1;381334;28/05/2013;1;651;4,00;4,95
8;1;381334;28/05/2013;1;659;0,00;1,65
8;1;381334;28/05/2013;1;1962;0,00;66,23
8;1;381334;28/05/2013;1;2000;8,00;5,29
8;1;381334;28/05/2013;1;2500;8,00;5,29
8;1;381347;10/02/2016;1;650;12,00;134,67
8;1;381347;10/02/2016;1;651;4,00;97,55
8;1;381347;10/02/2016;1;659;0,00;77,41
8;1;381347;10/02/2016;1;900;1,00;11,23
8;1;381347;10/02/2016;1;950;42,00;197,33
8;1;381347;10/02/2016;1;2505;0,00;11,23
8;1;381347;11/01/2016;1;257;6,00;55,09
8;1;381347;11/01/2016;1;265;0,00;11,02
8;1;381347;11/01/2016;1;2000;8,00;5,28
8;1;381381;11/01/2013;1;200;20,00;8,00
8;1;381381;11/01/2013;1;366;0,00;24,00
8;1;381381;11/01/2013;1;651;8,00;8,00
8;1;381381;11/01/2013;1;659;0,00;2,67
8;1;381381;11/01/2013;1;850;5,00;5,00
8;1;381381;11/01/2013;1;2000;8,00;2,56
8;1;381381;11/01/2013;1;2003;8,00;0,40
8;1;381381;11/01/2013;1;2500;2,00;0,64
8;1;381381;11/01/2013;1;2505;0,00;5,00
8;1;381381;11/01/2013;1;9030;2,00;0,10
8;1;381384;15/01/2013;1;200;29,00;14,31
8;1;381384;15/01/2013;1;366;0,00;14,80
8;1;381384;15/01/2013;1;651;7,00;8,63
8;1;381384;15/01/2013;1;659;0,00;2,88
8;1;381384;15/01/2013;1;850;5,00;6,17
8;1;381384;15/01/2013;1;2000;8,00;2,32
8;1;381384;15/01/2013;1;2003;8,00;0,49
8;1;381384;15/01/2013;1;2500;8,00;2,32
8;1;381384;15/01/2013;1;2505;0,00;6,17
8;1;381384;15/01/2013;1;9030;8,00;0,49
4;1;381391;28/12/2012;1;200;26,00;6,93
4;1;381391;28/12/2012;1;366;0,00;48,00
4;1;381391;28/12/2012;1;651;12,00;8,00
4;1;381391;28/12/2012;1;659;0,00;2,66
4;1;381391;28/12/2012;1;850;10,00;6,66
4;1;381391;28/12/2012;1;2000;8,00;4,39
4;1;381391;28/12/2012;1;2003;8,00;0,53
4;1;381391;28/12/2012;1;2505;0,00;6,66
4;1;381392;28/12/2012;1;200;26,00;6,93
4;1;381392;28/12/2012;1;366;0,00;48,00
4;1;381392;28/12/2012;1;651;12,00;8,00
4;1;381392;28/12/2012;1;659;0,00;2,66
4;1;381392;28/12/2012;1;850;10,00;6,66
4;1;381392;28/12/2012;1;2000;8,00;4,39
4;1;381392;28/12/2012;1;2003;8,00;0,53
4;1;381392;28/12/2012;1;2505;0,00;6,66
4;1;381394;28/12/2012;1;200;26,00;6,93
4;1;381394;28/12/2012;1;366;0,00;48,00
4;1;381394;28/12/2012;1;651;12,00;8,00
4;1;381394;28/12/2012;1;659;0,00;2,66
4;1;381394;28/12/2012;1;850;10,00;6,66
4;1;381394;28/12/2012;1;2000;8,00;4,39
4;1;381394;28/12/2012;1;2003;8,00;0,53
4;1;381394;28/12/2012;1;2505;0,00;6,66
8;1;381402;31/01/2012;1;1972;0,00;8,39
8;1;381402;31/01/2012;1;2000;8,00;0,67
8;1;381449;02/05/2019;1;1955;0,00;812,67
8;1;381468;01/10/2012;1;230;30,00;742,00
8;1;381478;23/01/2012;1;284;16,08;49,18
8;1;381478;23/01/2012;1;2000;8,00;3,93
8;1;381483;15/01/2013;1;200;3,00;1,48
8;1;381483;15/01/2013;1;366;0,00;74,00
8;1;381483;15/01/2013;1;651;9,00;11,10
8;1;381483;15/01/2013;1;659;0,00;3,70
8;1;381483;15/01/2013;1;850;8,00;9,87
8;1;381483;15/01/2013;1;2000;8,00;6,03
8;1;381483;15/01/2013;1;2003;8,00;0,78
8;1;381483;15/01/2013;1;2500;8,00;6,03
8;1;381483;15/01/2013;1;2505;0,00;9,87
8;1;381483;15/01/2013;1;9030;8,00;0,78
8;1;381490;24/09/2015;1;361;0,00;113,57
8;1;381490;24/09/2015;1;363;0,00;2,67
8;1;381490;24/09/2015;1;364;0,00;56,05
8;1;381490;24/09/2015;1;2000;8,00;4,69
8;1;381505;04/03/2013;1;363;0,00;5,42
8;1;381505;04/03/2013;1;366;0,00;167,11
8;1;381505;04/03/2013;1;2000;8,00;13,80
8;1;381508;11/01/2013;1;200;10,00;4,93
8;1;381508;11/01/2013;1;363;0,00;2,76
8;1;381508;11/01/2013;1;366;0,00;14,80
8;1;381508;11/01/2013;1;651;5,00;6,17
8;1;381508;11/01/2013;1;659;0,00;2,06
8;1;381508;11/01/2013;1;850;4,00;4,93
8;1;381508;11/01/2013;1;2000;8,00;1,79
8;1;381508;11/01/2013;1;2003;8,00;0,39
8;1;381508;11/01/2013;1;2505;0,00;4,93
8;1;381513;31/01/2017;1;247;0,00;577,50
8;1;381513;31/01/2017;1;950;10,00;1001,16
8;1;381545;15/01/2013;1;200;8,00;9,28
8;1;381545;15/01/2013;1;366;0,00;88,80
8;1;381545;15/01/2013;1;651;10,00;29,00
8;1;381545;15/01/2013;1;659;0,00;9,67
8;1;381545;15/01/2013;1;850;9,00;26,10
8;1;381545;15/01/2013;1;2000;8,00;7,84
8;1;381545;15/01/2013;1;2003;8,00;2,08
8;1;381545;15/01/2013;1;2500;8,00;7,84
8;1;381545;15/01/2013;1;2505;0,00;26,10
8;1;381545;15/01/2013;1;9030;8,00;2,08
8;1;381549;12/07/2013;1;284;7,20;30,89
8;1;381549;12/07/2013;1;2000;8,00;2,47
8;1;381579;15/01/2013;1;200;24,00;11,84
8;1;381579;15/01/2013;1;366;0,00;44,40
8;1;381579;15/01/2013;1;651;7,00;8,63
8;1;381579;15/01/2013;1;659;0,00;2,88
8;1;381579;15/01/2013;1;850;7,00;8,63
8;1;381579;15/01/2013;1;2000;8,00;4,49
8;1;381579;15/01/2013;1;2003;8,00;0,69
8;1;381579;15/01/2013;1;2500;8,00;4,49
8;1;381579;15/01/2013;1;2505;0,00;8,63
8;1;381579;15/01/2013;1;9030;8,00;0,69
8;1;381601;08/11/2019;1;364;0,00;8,86
8;1;381601;08/11/2019;1;366;0,00;28,20
8;1;381601;08/11/2019;1;2000;8,00;2,96
8;1;381601;08/11/2019;1;2500;8,00;2,96
8;1;381606;01/08/2018;1;368;25,00;250,00
8;1;381606;22/05/2019;1;1955;0,00;620,00
8;1;381628;15/01/2013;1;200;30,00;14,80
8;1;381628;15/01/2013;1;366;0,00;59,20
8;1;381628;15/01/2013;1;651;7,00;8,63
8;1;381628;15/01/2013;1;659;0,00;2,88
8;1;381628;15/01/2013;1;850;7,00;8,63
8;1;381628;15/01/2013;1;2000;8,00;5,92
8;1;381628;15/01/2013;1;2003;8,00;0,69
8;1;381628;15/01/2013;1;2500;8,00;5,92
8;1;381628;15/01/2013;1;2505;0,00;8,63
8;1;381628;15/01/2013;1;9030;8,00;0,69
8;1;381632;12/11/2019;1;257;1,82;16,06
8;1;381632;12/11/2019;1;265;0,00;3,21
8;1;381632;12/11/2019;1;284;0,00;22,25
8;1;381632;12/11/2019;1;2000;8,00;3,32
8;1;381632;12/11/2019;1;2500;8,00;3,32
8;1;381638;06/12/2012;1;200;23,00;36,37
8;1;381638;06/12/2012;1;364;0,00;2,74
8;1;381638;06/12/2012;1;366;0,00;47,44
8;1;381638;06/12/2012;1;651;7,00;27,67
8;1;381638;06/12/2012;1;659;0,00;9,22
8;1;381638;06/12/2012;1;850;7,00;27,67
8;1;381638;06/12/2012;1;2000;8,00;6,92
8;1;381638;06/12/2012;1;2003;8,00;2,21
8;1;381638;06/12/2012;1;2500;8,00;6,92
8;1;381638;06/12/2012;1;2505;0,00;27,67
8;1;381638;06/12/2012;1;9030;8,00;2,21
4;1;381664;28/12/2012;1;200;2,00;1,18
4;1;381664;28/12/2012;1;363;0,00;1,79
4;1;381664;28/12/2012;1;366;0,00;17,64
4;1;381664;28/12/2012;1;651;2,00;2,94
4;1;381664;28/12/2012;1;659;0,00;0,98
4;1;381664;28/12/2012;1;850;2,00;2,94
4;1;381664;28/12/2012;1;2000;8,00;1,64
4;1;381664;28/12/2012;1;2003;8,00;0,23
4;1;381664;28/12/2012;1;2500;8,00;1,64
4;1;381664;28/12/2012;1;2505;0,00;2,94
4;1;381664;28/12/2012;1;9030;8,00;0,23
4;1;381667;26/01/2016;1;234;0,00;0,84
4;1;381667;26/01/2016;1;357;0,00;1,54
4;1;381667;26/01/2016;1;359;0,00;4,63
4;1;381667;26/01/2016;1;366;0,00;41,65
4;1;381667;26/01/2016;1;403;0,00;4,63
4;1;381667;26/01/2016;1;2000;8,00;4,26
4;1;381671;04/04/2013;1;651;3,00;8,73
4;1;381671;04/04/2013;1;659;0,00;2,91
4;1;381671;04/04/2013;1;850;3,00;5,80
4;1;381671;04/04/2013;1;2003;8,00;0,46
4;1;381671;04/04/2013;1;2505;0,00;5,80
4;1;381671;04/04/2013;1;9030;8,00;0,46
4;1;381675;28/12/2012;1;200;3,00;1,76
4;1;381675;28/12/2012;1;366;0,00;88,20
4;1;381675;28/12/2012;1;651;6,00;8,81
4;1;381675;28/12/2012;1;659;0,00;2,94
4;1;381675;28/12/2012;1;850;6,00;8,81
4;1;381675;28/12/2012;1;2000;8,00;7,19
4;1;381675;28/12/2012;1;2003;8,00;0,70
4;1;381675;28/12/2012;1;2500;8,00;7,19
4;1;381675;28/12/2012;1;2505;0,00;8,81
4;1;381675;28/12/2012;1;9030;8,00;0,70
4;1;381679;28/04/2023;1;1955;12,00;2965,92
8;1;381715;19/08/2016;1;359;0,00;4,38
8;1;381715;19/08/2016;1;363;0,00;0,11
8;1;381715;19/08/2016;1;364;0,00;5,27
8;1;381715;19/08/2016;1;366;0,00;70,78
8;1;381715;19/08/2016;1;2000;8,00;6,44
8;1;381725;12/12/2014;1;361;0,00;96,70
8;1;381725;12/12/2014;1;650;12,00;4,69
8;1;381725;12/12/2014;1;651;1,00;0,44
8;1;381725;12/12/2014;1;659;0,00;1,72
8;1;381725;12/12/2014;1;850;9,00;1,74
8;1;381725;12/12/2014;1;900;2,00;0,83
8;1;381725;12/12/2014;1;950;36,00;5,71
8;1;381725;12/12/2014;1;1962;0,00;80,22
8;1;381725;12/12/2014;1;2000;8,00;6,41
8;1;381725;12/12/2014;1;2003;8,00;0,13
8;1;381725;12/12/2014;1;2505;0,00;2,57
8;1;381749;15/01/2013;1;200;30,00;15,00
8;1;381749;15/01/2013;1;366;0,00;45,00
8;1;381749;15/01/2013;1;651;4,00;5,00
8;1;381749;15/01/2013;1;659;0,00;1,67
8;1;381749;15/01/2013;1;850;4,00;5,00
8;1;381749;15/01/2013;1;2000;8,00;4,80
8;1;381749;15/01/2013;1;2003;8,00;0,40
8;1;381749;15/01/2013;1;2500;8,00;4,80
8;1;381749;15/01/2013;1;2505;0,00;5,00
8;1;381749;15/01/2013;1;9030;8,00;0,40
8;1;381768;14/01/2013;1;200;8,00;4,00
8;1;381768;14/01/2013;1;366;0,00;15,00
8;1;381768;14/01/2013;1;651;2,00;2,50
8;1;381768;14/01/2013;1;659;0,00;0,83
8;1;381768;14/01/2013;1;850;1,00;1,25
8;1;381768;14/01/2013;1;2000;8,00;1,52
8;1;381768;14/01/2013;1;2003;8,00;0,10
8;1;381768;14/01/2013;1;2500;8,00;1,52
8;1;381768;14/01/2013;1;2505;0,00;1,25
8;1;381768;14/01/2013;1;9030;8,00;0,10
8;1;381815;14/01/2013;1;200;30,00;15,00
8;1;381815;14/01/2013;1;366;0,00;14,40
8;1;381815;14/01/2013;1;651;2,00;2,50
8;1;381815;14/01/2013;1;659;0,00;0,83
8;1;381815;14/01/2013;1;850;2,00;2,50
8;1;381815;14/01/2013;1;2000;8,00;2,35
8;1;381815;14/01/2013;1;2003;8,00;0,20
8;1;381815;14/01/2013;1;2505;0,00;2,50
8;1;381818;25/03/2015;1;364;0,00;9,27
8;1;381818;25/03/2015;1;2000;8,00;0,74
8;1;381818;25/03/2015;1;2500;8,00;0,74
8;1;381835;03/09/2014;1;347;1,00;775,50
8;1;381871;11/07/2012;1;233;0,00;732,36
4;1;381896;26/01/2016;1;357;0,00;7,41
4;1;381896;26/01/2016;1;359;0,00;7,41
4;1;381896;26/01/2016;1;366;0,00;59,67
4;1;381896;26/01/2016;1;403;0,00;2,47
4;1;381896;26/01/2016;1;2000;8,00;6,15
4;1;381896;26/01/2016;1;2500;8,00;6,15
8;1;381898;10/08/2012;1;284;5,18;17,56
8;1;381898;10/08/2012;1;2000;8,00;1,40
8;1;381898;10/08/2012;1;2500;8,00;1,40
8;1;381898;14/01/2013;1;200;27,00;13,50
8;1;381898;14/01/2013;1;366;0,00;29,40
8;1;381898;14/01/2013;1;651;3,00;3,75
8;1;381898;14/01/2013;1;659;0,00;1,25
8;1;381898;14/01/2013;1;850;3,00;3,75
8;1;381898;14/01/2013;1;2000;8,00;3,43
8;1;381898;14/01/2013;1;2003;8,00;0,30
8;1;381898;14/01/2013;1;2500;8,00;3,43
8;1;381898;14/01/2013;1;2505;0,00;3,75
8;1;381898;14/01/2013;1;9030;8,00;0,30
8;1;381906;01/07/2016;1;363;0,00;0,35
8;1;381906;01/07/2016;1;364;0,00;141,21
8;1;381906;01/07/2016;1;366;0,00;0,58
8;1;381906;01/07/2016;1;2000;8,00;11,37
8;1;381906;01/07/2016;1;2500;8,00;11,37
4;1;381909;17/04/2014;1;200;2,00;1,00
4;1;381909;17/04/2014;1;366;0,00;59,00
4;1;381909;17/04/2014;1;651;8,00;10,00
4;1;381909;17/04/2014;1;659;0,00;3,33
4;1;381909;17/04/2014;1;850;5,00;6,25
4;1;381909;17/04/2014;1;2000;8,00;4,80
4;1;381909;17/04/2014;1;2003;8,00;0,50
4;1;381909;17/04/2014;1;2500;8,00;4,80
4;1;381909;17/04/2014;1;2505;0,00;6,25
4;1;381909;17/04/2014;1;9030;8,00;0,50
4;1;381926;28/12/2012;1;200;8,00;4,70
4;1;381926;28/12/2012;1;366;0,00;12,35
4;1;381926;28/12/2012;1;651;1,00;1,47
4;1;381926;28/12/2012;1;659;0,00;0,49
4;1;381926;28/12/2012;1;850;1,00;1,47
4;1;381926;28/12/2012;1;2000;8,00;1,36
4;1;381926;28/12/2012;1;2003;8,00;0,11
4;1;381926;28/12/2012;1;2505;0,00;1,47
8;1;381928;02/05/2019;1;1955;0,00;1415,00
8;1;381933;11/10/2016;1;200;1,00;0,55
8;1;381933;11/10/2016;1;366;0,00;82,70
8;1;381933;11/10/2016;1;650;12,00;16,54
8;1;381933;11/10/2016;1;651;4,00;5,51
8;1;381933;11/10/2016;1;659;0,00;7,35
8;1;381933;11/10/2016;1;850;7,00;9,64
8;1;381933;11/10/2016;1;900;1,00;1,37
8;1;381933;11/10/2016;1;950;42,00;23,15
8;1;381933;11/10/2016;1;2000;8,00;6,66
8;1;381933;11/10/2016;1;2003;8,00;0,77
8;1;381933;11/10/2016;1;2505;0,00;11,01
8;1;381937;22/09/2015;1;363;0,00;1,87
8;1;381937;22/09/2015;1;364;0,00;145,43
8;1;381937;22/09/2015;1;2000;8,00;11,78
8;1;381937;22/09/2015;1;2500;8,00;11,78
8;1;381945;18/07/2025;1;200;30,00;4902,51
8;1;381945;18/07/2025;1;651;1,00;408,54
8;1;381945;18/07/2025;1;659;0,00;136,18
8;1;381945;18/07/2025;1;850;1,00;408,54
8;1;381945;18/07/2025;1;2000;10,12;495,93
8;1;381945;18/07/2025;1;2003;7,50;30,64
8;1;381945;18/07/2025;1;2004;22,50;290,95
8;1;381945;18/07/2025;1;2500;8,00;392,20
8;1;381945;18/07/2025;1;2505;0,00;408,54
8;1;381945;18/07/2025;1;9030;8,00;32,68
8;1;381950;08/08/2016;1;651;1,00;103,39
8;1;381950;08/08/2016;1;659;0,00;34,47
8;1;381950;08/08/2016;1;850;1,00;103,39
8;1;381950;08/08/2016;1;950;12,00;496,26
8;1;381950;08/08/2016;1;2003;8,00;8,27
8;1;381950;08/08/2016;1;2505;0,00;103,39
8;1;381952;15/01/2013;1;200;12,00;6,00
8;1;381952;15/01/2013;1;366;0,00;23,44
8;1;381952;15/01/2013;1;651;2,00;2,50
8;1;381952;15/01/2013;1;659;0,00;0,83
8;1;381952;15/01/2013;1;850;2,00;2,50
8;1;381952;15/01/2013;1;2000;8,00;2,35
8;1;381952;15/01/2013;1;2003;8,00;0,20
8;1;381952;15/01/2013;1;2505;0,00;2,50
8;1;381952;16/08/2012;1;284;2,23;7,56
8;1;381952;16/08/2012;1;2000;8,00;0,60
8;1;381953;15/01/2013;1;200;12,00;6,00
8;1;381953;15/01/2013;1;366;0,00;23,44
8;1;381953;15/01/2013;1;651;2,00;2,50
8;1;381953;15/01/2013;1;659;0,00;0,83
8;1;381953;15/01/2013;1;850;2,00;2,50
8;1;381953;15/01/2013;1;2000;8,00;2,35
8;1;381953;15/01/2013;1;2003;8,00;0,20
8;1;381953;15/01/2013;1;2505;0,00;2,50
8;1;381954;01/12/2015;1;200;8,00;1,14
8;1;381954;01/12/2015;1;650;12,00;4,22
8;1;381954;01/12/2015;1;659;0,00;1,41
8;1;381954;01/12/2015;1;850;3,00;1,05
8;1;381954;01/12/2015;1;900;1,00;0,35
8;1;381954;01/12/2015;1;950;36,00;5,06
8;1;381954;01/12/2015;1;2000;8,00;0,09
8;1;381954;01/12/2015;1;2003;8,00;0,08
8;1;381954;01/12/2015;1;2505;0,00;1,40
8;1;381969;02/05/2019;1;1955;0,00;750,88
8;1;381969;14/09/2018;1;650;12,00;52,58
8;1;381969;14/09/2018;1;651;5,00;18,63
8;1;381969;14/09/2018;1;850;8,00;34,10
8;1;381969;14/09/2018;1;900;2,00;9,01
8;1;381969;14/09/2018;1;950;48,00;83,48
8;1;381969;14/09/2018;1;2003;8,00;3,44
8;1;381969;14/09/2018;1;2500;8,00;6,67
8;1;381969;14/09/2018;1;2505;0,00;43,11
8;1;381969;14/09/2018;1;9030;8,00;3,44
8;1;382008;11/01/2013;1;200;21,00;15,02
8;1;382008;11/01/2013;1;363;0,00;1,68
8;1;382008;11/01/2013;1;364;0,00;3,39
8;1;382008;11/01/2013;1;366;0,00;40,62
8;1;382008;11/01/2013;1;651;3,00;5,36
8;1;382008;11/01/2013;1;659;0,00;1,79
8;1;382008;11/01/2013;1;850;3,00;5,36
8;1;382008;11/01/2013;1;2000;8,00;4,85
8;1;382008;11/01/2013;1;2003;8,00;0,42
8;1;382008;11/01/2013;1;2500;8,00;4,85
8;1;382008;11/01/2013;1;2505;0,00;5,36
8;1;382008;11/01/2013;1;9030;8,00;0,42
8;1;382010;11/01/2013;1;200;11,00;10,14
8;1;382010;11/01/2013;1;363;0,00;2,90
8;1;382010;11/01/2013;1;366;0,00;55,28
8;1;382010;11/01/2013;1;651;2,00;4,61
8;1;382010;11/01/2013;1;850;2,00;4,61
8;1;382010;11/01/2013;1;2000;8,00;5,46
8;1;382010;11/01/2013;1;2003;8,00;0,36
8;1;382010;11/01/2013;1;2500;8,00;5,46
8;1;382010;11/01/2013;1;2505;0,00;4,61
8;1;382010;11/01/2013;1;9030;8,00;0,36
8;1;382024;12/12/2014;1;265;0,00;0,02
8;1;382024;12/12/2014;1;286;3,55;0,07
8;1;382024;12/12/2014;1;651;12,00;10,59
8;1;382024;12/12/2014;1;659;0,00;3,53
8;1;382024;12/12/2014;1;850;5,00;9,42
8;1;382024;12/12/2014;1;1962;0,00;15,88
8;1;382024;12/12/2014;1;2000;8,00;1,27
8;1;382024;12/12/2014;1;2003;8,00;0,75
8;1;382024;12/12/2014;1;2500;8,00;1,27
8;1;382024;12/12/2014;1;2505;0,00;9,42
8;1;382024;12/12/2014;1;9030;8,00;0,75
8;1;382041;08/07/2016;1;248;0,00;4,66
8;1;382041;08/07/2016;1;363;0,00;0,41
8;1;382041;08/07/2016;1;364;0,00;48,20
8;1;382041;08/07/2016;1;1972;0,00;8,66
8;1;382041;08/07/2016;1;2000;8,00;4,58
8;1;382069;29/11/2013;1;304;0,00;116,99
8;1;382069;29/11/2013;1;2000;8,00;9,35
8;1;382069;29/11/2013;1;2500;8,00;9,35
8;1;382097;14/01/2013;1;200;15,00;7,50
8;1;382097;14/01/2013;1;366;0,00;14,40
8;1;382097;14/01/2013;1;651;1,00;1,25
8;1;382097;14/01/2013;1;659;0,00;0,42
8;1;382097;14/01/2013;1;850;2,00;2,50
8;1;382097;14/01/2013;1;2000;8,00;1,75
8;1;382097;14/01/2013;1;2003;8,00;0,20
8;1;382097;14/01/2013;1;2505;0,00;2,50
8;1;382113;28/05/2014;1;200;17,00;1,14
8;1;382113;28/05/2014;1;364;0,00;10,80
8;1;382113;28/05/2014;1;366;0,00;6,03
8;1;382113;28/05/2014;1;651;11,00;1,84
8;1;382113;28/05/2014;1;659;0,00;0,61
8;1;382113;28/05/2014;1;850;6,00;1,01
8;1;382113;28/05/2014;1;2000;8,00;1,43
8;1;382113;28/05/2014;1;2003;8,00;0,08
8;1;382113;28/05/2014;1;2500;8,00;1,43
8;1;382113;28/05/2014;1;2505;0,00;1,01
8;1;382113;28/05/2014;1;9030;8,00;0,08
1417;1;382116;15/07/2015;1;259;4,00;45,13
1417;1;382116;15/07/2015;1;265;0,00;9,03
1417;1;382116;15/07/2015;1;2000;8,00;4,33
1417;1;382116;15/07/2015;1;2500;8,00;4,33
8;1;382117;16/11/2012;1;285;0,00;121,71
8;1;382119;17/12/2020;1;361;0,00;59,50
8;1;382119;17/12/2020;1;364;0,00;25,39
8;1;382119;17/12/2020;1;2000;7,48;1,90
8;1;382119;17/12/2020;1;2500;8,00;2,03
8;1;382128;14/01/2013;1;200;5,00;2,50
8;1;382128;14/01/2013;1;366;0,00;22,45
8;1;382128;14/01/2013;1;651;2,00;2,50
8;1;382128;14/01/2013;1;659;0,00;0,83
8;1;382128;14/01/2013;1;850;2,00;2,50
8;1;382128;14/01/2013;1;2000;8,00;1,99
8;1;382128;14/01/2013;1;2003;8,00;0,20
8;1;382128;14/01/2013;1;2500;8,00;1,99
8;1;382128;14/01/2013;1;2505;0,00;2,50
8;1;382128;14/01/2013;1;9030;8,00;0,20
8;1;382132;08/10/2013;1;200;14,00;8,21
8;1;382132;08/10/2013;1;366;0,00;17,60
8;1;382132;08/10/2013;1;651;10,00;14,67
8;1;382132;08/10/2013;1;659;0,00;4,89
8;1;382132;08/10/2013;1;850;4,00;5,87
8;1;382132;08/10/2013;1;2000;8,00;2,06
8;1;382132;08/10/2013;1;2003;8,00;0,46
8;1;382132;08/10/2013;1;2500;8,00;2,06
8;1;382132;08/10/2013;1;2505;0,00;5,87
8;1;382132;08/10/2013;1;9030;8,00;0,46
8;1;382146;15/01/2013;1;200;19,00;22,17
8;1;382146;15/01/2013;1;366;0,00;36,00
8;1;382146;15/01/2013;1;651;3,00;8,75
8;1;382146;15/01/2013;1;659;0,00;2,92
8;1;382146;15/01/2013;1;850;2,00;5,83
8;1;382146;15/01/2013;1;2000;8,00;4,65
8;1;382146;15/01/2013;1;2003;8,00;0,46
8;1;382146;15/01/2013;1;2500;8,00;4,65
8;1;382146;15/01/2013;1;2505;0,00;5,83
8;1;382146;15/01/2013;1;9030;8,00;0,46
8;1;382154;23/11/2017;1;248;0,00;118,83
8;1;382176;08/10/2015;1;361;0,00;157,02
8;1;382176;08/10/2015;1;364;0,00;101,47
8;1;382176;08/10/2015;1;2000;8,00;8,11
8;1;382176;08/10/2015;1;2500;8,00;8,11
8;1;382185;08/10/2015;1;364;0,00;17,84
8;1;382185;08/10/2015;1;2000;8,00;1,42
8;1;382185;08/10/2015;1;2500;8,00;1,42
8;1;382203;08/10/2013;1;200;24,00;14,08
8;1;382203;08/10/2013;1;651;8,00;11,73
8;1;382203;08/10/2013;1;659;0,00;3,91
8;1;382203;08/10/2013;1;850;4,00;5,87
8;1;382203;08/10/2013;1;2000;8,00;1,12
8;1;382203;08/10/2013;1;2003;8,00;0,46
8;1;382203;08/10/2013;1;2505;0,00;5,87
8;1;382218;20/12/2019;1;284;0,00;667,23
8;1;382218;20/12/2019;1;2000;8,00;53,37
8;1;382218;20/12/2019;1;2500;8,00;53,37
8;1;382248;02/05/2019;1;1955;0,00;1622,46
8;1;382251;25/03/2015;1;248;0,00;192,56
8;1;382278;11/01/2013;1;200;10,00;15,88
8;1;382278;11/01/2013;1;366;0,00;17,44
8;1;382278;11/01/2013;1;651;1,00;3,97
8;1;382278;11/01/2013;1;659;0,00;1,32
8;1;382278;11/01/2013;1;850;1,00;3,97
8;1;382278;11/01/2013;1;2000;8,00;2,66
8;1;382278;11/01/2013;1;2003;8,00;0,31
8;1;382278;11/01/2013;1;2500;8,00;2,66
8;1;382278;11/01/2013;1;2505;0,00;3,97
8;1;382278;11/01/2013;1;9030;8,00;0,31
8;1;382290;22/02/2013;1;1951;0,00;58,76
8;1;382290;22/02/2013;1;2000;8,00;4,70
8;1;382290;22/02/2013;1;2500;8,00;4,70
4;1;382308;17/04/2014;1;200;17,00;8,50
4;1;382308;17/04/2014;1;363;0,00;1,02
4;1;382308;17/04/2014;1;366;0,00;45,00
4;1;382308;17/04/2014;1;651;7,00;8,75
4;1;382308;17/04/2014;1;659;0,00;2,92
4;1;382308;17/04/2014;1;850;6,00;7,50
4;1;382308;17/04/2014;1;2000;8,00;4,36
4;1;382308;17/04/2014;1;2003;8,00;0,60
4;1;382308;17/04/2014;1;2500;8,00;4,36
4;1;382308;17/04/2014;1;2505;0,00;7,50
4;1;382308;17/04/2014;1;9030;8,00;0,60
4;1;382311;28/12/2012;1;200;9,00;5,29
4;1;382311;28/12/2012;1;366;0,00;17,64
4;1;382311;28/12/2012;1;651;1,00;1,47
4;1;382311;28/12/2012;1;659;0,00;0,49
4;1;382311;28/12/2012;1;850;1,00;1,47
4;1;382311;28/12/2012;1;2000;8,00;1,83
4;1;382311;28/12/2012;1;2003;8,00;0,11
4;1;382311;28/12/2012;1;2500;8,00;1,83
4;1;382311;28/12/2012;1;2505;0,00;1,47
4;1;382311;28/12/2012;1;9030;8,00;0,11
8;1;382314;10/02/2015;1;257;6,32;41,87
8;1;382314;10/02/2015;1;265;0,00;8,37
8;1;382314;10/02/2015;1;1972;0,00;27,64
8;1;382314;10/02/2015;1;2000;8,00;6,23
8;1;382314;10/02/2015;1;2500;8,00;6,23
8;1;382316;04/03/2016;1;247;0,00;527,00
8;1;382316;04/03/2016;1;364;0,00;48,37
8;1;382316;04/03/2016;1;2000;8,00;3,86
8;1;382318;02/05/2019;1;1955;0,00;693,12
8;1;382318;24/12/2019;1;247;0,00;651,00
8;1;382323;01/10/2013;1;200;10,00;5,87
8;1;382323;01/10/2013;1;363;0,00;6,57
8;1;382323;01/10/2013;1;364;0,00;16,00
8;1;382323;01/10/2013;1;366;0,00;35,20
8;1;382323;01/10/2013;1;651;8,00;11,73
8;1;382323;01/10/2013;1;659;0,00;3,91
8;1;382323;01/10/2013;1;850;5,00;7,33
8;1;382323;01/10/2013;1;1957;0,00;2,67
8;1;382323;01/10/2013;1;2000;8,00;5,30
8;1;382323;01/10/2013;1;2003;8,00;0,58
8;1;382323;01/10/2013;1;2500;8,00;5,30
8;1;382323;01/10/2013;1;2505;0,00;7,33
8;1;382323;01/10/2013;1;9030;8,00;0,58
8;1;382384;08/10/2013;1;200;3,00;1,76
8;1;382384;08/10/2013;1;651;6,00;27,20
8;1;382384;08/10/2013;1;659;0,00;9,07
8;1;382384;08/10/2013;1;850;3,00;13,60
8;1;382384;08/10/2013;1;2000;8,00;0,14
8;1;382384;08/10/2013;1;2003;8,00;1,08
8;1;382384;08/10/2013;1;2500;8,00;0,14
8;1;382384;08/10/2013;1;2505;0,00;13,60
8;1;382384;08/10/2013;1;9030;8,00;1,08
8;1;382417;22/02/2013;1;283;0,00;67,91
8;1;382417;22/02/2013;1;2000;8,00;5,43
8;1;382481;29/07/2016;1;950;1,00;43,97
8;1;382490;08/10/2013;1;200;30,00;17,60
8;1;382490;08/10/2013;1;651;6,00;8,80
8;1;382490;08/10/2013;1;659;0,00;2,93
8;1;382490;08/10/2013;1;850;4,00;5,87
8;1;382490;08/10/2013;1;2000;8,00;1,40
8;1;382490;08/10/2013;1;2003;8,00;0,46
8;1;382490;08/10/2013;1;2505;0,00;5,87
4;1;382492;17/04/2014;1;200;25,00;7,35
4;1;382492;17/04/2014;1;366;0,00;44,10
4;1;382492;17/04/2014;1;651;10,00;7,35
4;1;382492;17/04/2014;1;659;0,00;2,45
4;1;382492;17/04/2014;1;850;9,00;6,61
4;1;382492;17/04/2014;1;2000;8,00;4,11
4;1;382492;17/04/2014;1;2003;8,00;0,52
4;1;382492;17/04/2014;1;2505;0,00;6,61
8;1;382496;11/07/2014;1;244;0,00;147,00
8;1;382496;11/07/2014;1;278;0,00;109,55
8;1;382496;11/07/2014;1;378;0,00;14,83
8;1;382496;11/07/2014;1;404;0,00;19,38
8;1;382496;11/07/2014;1;1962;0,00;211,81
8;1;382496;11/07/2014;1;2000;8,00;40,20
8;1;382506;08/10/2013;1;200;15,00;8,80
8;1;382506;08/10/2013;1;651;6,00;8,80
8;1;382506;08/10/2013;1;659;0,00;2,93
8;1;382506;08/10/2013;1;850;1,00;1,47
8;1;382506;08/10/2013;1;2000;8,00;0,70
8;1;382506;08/10/2013;1;2003;8,00;0,11
8;1;382506;08/10/2013;1;2500;8,00;0,70
8;1;382506;08/10/2013;1;2505;0,00;1,47
8;1;382506;08/10/2013;1;9030;8,00;0,11
8;1;382518;01/12/2015;1;651;12,00;126,56
8;1;382518;01/12/2015;1;659;0,00;42,19
4;1;382527;17/04/2014;1;200;25,00;7,35
4;1;382527;17/04/2014;1;366;0,00;44,10
4;1;382527;17/04/2014;1;651;10,00;7,35
4;1;382527;17/04/2014;1;850;9,00;6,61
4;1;382527;17/04/2014;1;2000;8,00;4,11
4;1;382527;17/04/2014;1;2003;8,00;0,52
4;1;382527;17/04/2014;1;2505;0,00;6,61
4;1;382528;17/04/2014;1;200;25,00;7,35
4;1;382528;17/04/2014;1;366;0,00;44,10
4;1;382528;17/04/2014;1;651;10,00;7,35
4;1;382528;17/04/2014;1;659;0,00;2,45
4;1;382528;17/04/2014;1;850;9,00;6,61
4;1;382528;17/04/2014;1;2000;8,00;4,11
4;1;382528;17/04/2014;1;2003;8,00;0,52
4;1;382528;17/04/2014;1;2505;0,00;6,61
8;1;382529;07/01/2016;1;247;0,00;389,41
8;1;382540;08/10/2013;1;200;3,00;1,76
8;1;382540;08/10/2013;1;366;0,00;52,80
8;1;382540;08/10/2013;1;651;7,00;10,27
8;1;382540;08/10/2013;1;659;0,00;3,42
8;1;382540;08/10/2013;1;850;6,00;8,80
8;1;382540;08/10/2013;1;2000;8,00;4,36
8;1;382540;08/10/2013;1;2003;8,00;0,70
8;1;382540;08/10/2013;1;2500;8,00;4,36
8;1;382540;08/10/2013;1;2505;0,00;8,80
8;1;382540;08/10/2013;1;9030;8,00;0,70
8;1;382542;08/10/2013;1;200;6,00;3,52
8;1;382542;08/10/2013;1;366;0,00;17,60
8;1;382542;08/10/2013;1;651;6,00;8,80
8;1;382542;08/10/2013;1;659;0,00;2,93
8;1;382542;08/10/2013;1;850;5,00;7,33
8;1;382542;08/10/2013;1;2000;8,00;1,68
8;1;382542;08/10/2013;1;2003;8,00;0,58
8;1;382542;08/10/2013;1;2500;8,00;1,68
8;1;382542;08/10/2013;1;2505;0,00;7,33
8;1;382542;08/10/2013;1;9030;8,00;0,58
8;1;382579;08/10/2013;1;200;1,00;0,59
8;1;382579;08/10/2013;1;265;0,00;0,08
8;1;382579;08/10/2013;1;286;3,22;0,41
8;1;382579;08/10/2013;1;363;0,00;0,84
8;1;382579;08/10/2013;1;366;0,00;70,40
8;1;382579;08/10/2013;1;651;8,00;11,73
8;1;382579;08/10/2013;1;659;0,00;3,91
8;1;382579;08/10/2013;1;850;7,00;10,27
8;1;382579;08/10/2013;1;2000;8,00;5,78
8;1;382579;08/10/2013;1;2003;8,00;0,82
8;1;382579;08/10/2013;1;2500;8,00;5,78
8;1;382579;08/10/2013;1;2505;0,00;10,27
8;1;382579;08/10/2013;1;9030;8,00;0,82
8;1;382582;01/12/2015;1;200;2,00;0,22
8;1;382582;01/12/2015;1;259;21,33;0,84
8;1;382582;01/12/2015;1;265;0,00;0,17
8;1;382582;01/12/2015;1;651;4,00;1,09
8;1;382582;01/12/2015;1;659;0,00;0,37
8;1;382582;01/12/2015;1;850;3,00;0,82
8;1;382582;01/12/2015;1;2000;8,00;0,09
8;1;382582;01/12/2015;1;2003;8,00;0,06
8;1;382582;01/12/2015;1;2500;8,00;0,09
8;1;382582;01/12/2015;1;2505;0,00;0,82
8;1;382582;01/12/2015;1;9030;8,00;0,06
8;1;382585;10/01/2024;1;265;0,00;2,81
8;1;382585;10/01/2024;1;284;0,00;16,76
8;1;382585;10/01/2024;1;297;1,00;14,06
8;1;382585;10/01/2024;1;2000;7,49;2,52
8;1;382585;10/01/2024;1;2500;8,00;2,69
8;1;382586;08/10/2013;1;200;17,00;9,97
8;1;382586;08/10/2013;1;651;4,00;5,87
8;1;382586;08/10/2013;1;659;0,00;1,96
8;1;382586;08/10/2013;1;850;4,00;5,87
8;1;382586;08/10/2013;1;2000;8,00;0,79
8;1;382586;08/10/2013;1;2003;8,00;0,46
8;1;382586;08/10/2013;1;2500;8,00;0,79
8;1;382586;08/10/2013;1;2505;0,00;5,87
8;1;382586;08/10/2013;1;9030;8,00;0,46
8;1;382605;03/10/2025;1;651;2,00;359,80
8;1;382605;03/10/2025;1;659;0,00;119,93
8;1;382622;19/05/2020;1;558;0,00;175,38
8;1;382622;19/05/2020;1;2000;7,50;13,15
8;1;382622;19/05/2020;1;2500;8,00;14,03
4;1;382645;17/04/2014;1;357;0,00;8,86
4;1;382645;17/04/2014;1;359;0,00;27,89
4;1;382645;17/04/2014;1;363;0,00;3,49
4;1;382645;17/04/2014;1;366;0,00;183,39
4;1;382645;17/04/2014;1;403;0,00;26,61
4;1;382645;17/04/2014;1;2000;8,00;20,01
4;1;382646;17/04/2014;1;200;26,00;13,00
4;1;382646;17/04/2014;1;366;0,00;45,00
4;1;382646;17/04/2014;1;651;7,00;8,75
4;1;382646;17/04/2014;1;659;0,00;2,92
4;1;382646;17/04/2014;1;900;6,00;7,50
4;1;382646;17/04/2014;1;950;30,00;15,00
4;1;382646;17/04/2014;1;2000;8,00;4,64
4;1;382646;17/04/2014;1;2505;0,00;7,50
4;1;382647;17/04/2014;1;357;0,00;8,87
4;1;382647;17/04/2014;1;359;0,00;27,50
4;1;382647;17/04/2014;1;363;0,00;0,77
4;1;382647;17/04/2014;1;366;0,00;183,39
4;1;382647;17/04/2014;1;403;0,00;26,61
4;1;382647;17/04/2014;1;2000;8,00;19,77
4;1;382647;17/04/2014;1;2500;8,00;19,77
8;1;382664;01/10/2013;1;200;1,00;3,62
8;1;382664;01/10/2013;1;366;0,00;37,83
8;1;382664;01/10/2013;1;651;2,00;4,53
8;1;382664;01/10/2013;1;659;0,00;1,51
8;1;382664;01/10/2013;1;850;2,00;4,53
8;1;382664;01/10/2013;1;2000;8,00;3,31
8;1;382664;01/10/2013;1;2003;8,00;0,36
8;1;382664;01/10/2013;1;2500;8,00;3,31
8;1;382664;01/10/2013;1;2505;0,00;4,53
8;1;382664;01/10/2013;1;9030;8,00;0,36
4;1;382695;20/01/2015;1;357;0,00;1,57
4;1;382695;20/01/2015;1;359;0,00;6,07
4;1;382695;20/01/2015;1;366;0,00;51,70
4;1;382695;20/01/2015;1;403;0,00;4,73
4;1;382695;20/01/2015;1;2000;8,00;5,12
8;1;382707;14/04/2016;1;200;19,00;6,58
8;1;382707;14/04/2016;1;651;4,00;79,16
8;1;382707;14/04/2016;1;659;0,00;26,39
8;1;382707;14/04/2016;1;850;6,00;45,52
8;1;382707;14/04/2016;1;2000;8,00;0,52
8;1;382707;14/04/2016;1;2003;8,00;3,64
8;1;382707;14/04/2016;1;2500;8,00;0,52
8;1;382707;14/04/2016;1;2505;0,00;45,52
8;1;382707;14/04/2016;1;9030;8,00;3,64
8;1;382710;08/10/2013;1;200;7,00;5,60
8;1;382710;08/10/2013;1;366;0,00;96,00
8;1;382710;08/10/2013;1;651;7,00;12,00
8;1;382710;08/10/2013;1;659;0,00;4,00
8;1;382710;08/10/2013;1;850;4,00;8,00
8;1;382710;08/10/2013;1;2000;8,00;8,12
8;1;382710;08/10/2013;1;2003;8,00;0,64
8;1;382710;08/10/2013;1;2500;2,00;2,03
8;1;382710;08/10/2013;1;2505;0,00;8,00
8;1;382710;08/10/2013;1;9030;2,00;0,16
8;1;382720;08/10/2013;1;200;3,00;2,50
8;1;382720;08/10/2013;1;651;5,00;10,00
8;1;382720;08/10/2013;1;659;0,00;3,33
8;1;382720;08/10/2013;1;850;5,00;10,00
8;1;382720;08/10/2013;1;2000;8,00;0,20
8;1;382720;08/10/2013;1;2003;8,00;0,80
8;1;382720;08/10/2013;1;2500;2,00;0,05
8;1;382720;08/10/2013;1;2505;0,00;10,00
8;1;382720;08/10/2013;1;9030;2,00;0,20
8;1;382721;15/09/2015;1;368;0,00;199,55
8;1;382722;08/10/2013;1;200;10,00;5,87
8;1;382722;08/10/2013;1;366;0,00;52,80
8;1;382722;08/10/2013;1;651;5,00;7,33
8;1;382722;08/10/2013;1;659;0,00;2,44
8;1;382722;08/10/2013;1;850;4,00;5,87
8;1;382722;08/10/2013;1;2000;8,00;4,69
8;1;382722;08/10/2013;1;2003;8,00;0,46
8;1;382722;08/10/2013;1;2500;8,00;4,69
8;1;382722;08/10/2013;1;2505;0,00;5,87
8;1;382722;08/10/2013;1;9030;8,00;0,46
8;1;382725;03/10/2013;1;284;4,00;15,64
8;1;382725;03/10/2013;1;2000;8,00;1,25
8;1;382725;03/10/2013;1;2500;2,00;0,31
8;1;382773;04/01/2016;1;284;14,40;73,40
8;1;382773;04/01/2016;1;2000;8,00;5,87
4;1;382783;17/04/2014;1;200;20,00;20,00
4;1;382783;17/04/2014;1;257;0,95;0,20
4;1;382783;17/04/2014;1;265;0,00;0,04
4;1;382783;17/04/2014;1;363;0,00;1,41
4;1;382783;17/04/2014;1;366;0,00;135,00
4;1;382783;17/04/2014;1;651;9,00;22,50
4;1;382783;17/04/2014;1;659;0,00;7,50
4;1;382783;17/04/2014;1;850;9,00;22,49
4;1;382783;17/04/2014;1;2000;8,00;12,53
4;1;382783;17/04/2014;1;2003;8,00;1,79
4;1;382783;17/04/2014;1;2500;8,00;12,53
4;1;382783;17/04/2014;1;2505;0,00;22,49
4;1;382783;17/04/2014;1;9030;8,00;1,79
8;1;382784;22/05/2019;1;1955;0,00;1546,52
8;1;382786;07/11/2018;1;257;6,22;53,84
8;1;382786;07/11/2018;1;265;0,00;10,77
8;1;382786;07/11/2018;1;2000;8,00;5,16
8;1;382786;07/11/2018;1;2500;8,00;5,16
8;1;382795;08/10/2013;1;200;4,00;2,35
8;1;382795;08/10/2013;1;651;4,00;5,87
8;1;382795;08/10/2013;1;659;0,00;1,96
8;1;382795;08/10/2013;1;850;4,00;5,87
8;1;382795;08/10/2013;1;2000;8,00;0,18
8;1;382795;08/10/2013;1;2003;8,00;0,46
8;1;382795;08/10/2013;1;2500;8,00;0,18
8;1;382795;08/10/2013;1;2505;0,00;5,87
8;1;382795;08/10/2013;1;9030;8,00;0,46
8;1;382813;23/09/2013;1;200;14,00;4,78
8;1;382813;23/09/2013;1;366;0,00;20,48
8;1;382813;23/09/2013;1;651;3,00;2,56
8;1;382813;23/09/2013;1;659;0,00;0,85
8;1;382813;23/09/2013;1;850;2,00;1,70
8;1;382813;23/09/2013;1;2000;8,00;2,02
8;1;382813;23/09/2013;1;2003;8,00;0,13
8;1;382813;23/09/2013;1;2500;8,00;2,02
8;1;382813;23/09/2013;1;2505;0,00;1,70
8;1;382813;23/09/2013;1;9030;8,00;0,13
8;1;382817;01/10/2013;1;200;15,00;8,80
8;1;382817;01/10/2013;1;366;0,00;52,80
8;1;382817;01/10/2013;1;651;4,00;5,87
8;1;382817;01/10/2013;1;659;0,00;1,96
8;1;382817;01/10/2013;1;850;4,00;5,87
8;1;382817;01/10/2013;1;2000;8,00;4,92
8;1;382817;01/10/2013;1;2003;8,00;0,46
8;1;382817;01/10/2013;1;2500;8,00;4,92
8;1;382817;01/10/2013;1;2505;0,00;5,87
8;1;382817;01/10/2013;1;9030;8,00;0,46
8;1;382828;01/12/2015;1;200;22,00;3,20
8;1;382828;01/12/2015;1;265;0,00;0,02
8;1;382828;01/12/2015;1;286;1,30;0,12
8;1;382828;01/12/2015;1;363;0,00;4,46
8;1;382828;01/12/2015;1;364;0,00;27,27
8;1;382828;01/12/2015;1;366;0,00;13,08
8;1;382828;01/12/2015;1;650;12,00;4,36
8;1;382828;01/12/2015;1;651;5,00;1,82
8;1;382828;01/12/2015;1;659;0,00;2,06
8;1;382828;01/12/2015;1;850;7,00;2,54
8;1;382828;01/12/2015;1;900;1,00;0,36
8;1;382828;01/12/2015;1;950;36,00;5,24
8;1;382828;01/12/2015;1;1972;0,00;8,18
8;1;382828;01/12/2015;1;2000;8,00;4,50
8;1;382828;01/12/2015;1;2003;8,00;0,20
8;1;382828;01/12/2015;1;2505;0,00;2,90
8;1;382829;01/10/2013;1;200;11,00;15,07
8;1;382829;01/10/2013;1;259;5,15;2,56
8;1;382829;01/10/2013;1;265;0,00;0,51
8;1;382829;01/10/2013;1;651;1,00;3,42
8;1;382829;01/10/2013;1;659;0,00;1,14
8;1;382829;01/10/2013;1;850;1,00;3,42
8;1;382829;01/10/2013;1;2000;8,00;1,45
8;1;382829;01/10/2013;1;2003;8,00;0,27
8;1;382829;01/10/2013;1;2500;8,00;1,45
8;1;382829;01/10/2013;1;2505;0,00;3,42
8;1;382829;01/10/2013;1;9030;8,00;0,27
8;1;382843;25/08/2014;1;200;4,00;8,59
8;1;382843;25/08/2014;1;363;0,00;38,90
8;1;382843;25/08/2014;1;364;0,00;20,49
8;1;382843;25/08/2014;1;366;0,00;295,13
8;1;382843;25/08/2014;1;651;7,00;37,57
8;1;382843;25/08/2014;1;659;0,00;12,52
8;1;382843;25/08/2014;1;850;6,00;32,20
8;1;382843;25/08/2014;1;1972;0,00;2,74
8;1;382843;25/08/2014;1;2000;8,00;29,26
8;1;382843;25/08/2014;1;2003;8,00;2,57
8;1;382843;25/08/2014;1;2500;8,00;29,26
8;1;382843;25/08/2014;1;2505;0,00;32,20
8;1;382843;25/08/2014;1;9030;8,00;2,57
8;1;382850;08/10/2013;1;200;17,00;9,97
8;1;382850;08/10/2013;1;366;0,00;17,60
8;1;382850;08/10/2013;1;651;2,00;2,93
8;1;382850;08/10/2013;1;659;0,00;0,98
8;1;382850;08/10/2013;1;850;2,00;2,93
8;1;382850;08/10/2013;1;2000;8,00;2,20
8;1;382850;08/10/2013;1;2003;8,00;0,23
8;1;382850;08/10/2013;1;2505;0,00;2,93
8;1;382872;08/10/2013;1;200;1,00;0,59
8;1;382872;08/10/2013;1;363;0,00;0,67
8;1;382872;08/10/2013;1;366;0,00;70,40
8;1;382872;08/10/2013;1;651;4,00;5,87
8;1;382872;08/10/2013;1;659;0,00;1,96
8;1;382872;08/10/2013;1;850;4,00;5,87
8;1;382872;08/10/2013;1;2000;8,00;5,73
8;1;382872;08/10/2013;1;2003;8,00;0,46
8;1;382872;08/10/2013;1;2500;8,00;5,73
8;1;382872;08/10/2013;1;2505;0,00;5,87
8;1;382872;08/10/2013;1;9030;8,00;0,46
8;1;382880;25/08/2016;1;361;0,00;32,53
8;1;382880;25/08/2016;1;364;0,00;8,74
8;1;382880;25/08/2016;1;2000;8,00;0,69
8;1;382901;10/09/2015;1;200;13,00;4,50
8;1;382901;10/09/2015;1;364;0,00;6,80
8;1;382901;10/09/2015;1;366;0,00;20,78
8;1;382901;10/09/2015;1;651;4,00;3,47
8;1;382901;10/09/2015;1;659;0,00;1,16
8;1;382901;10/09/2015;1;850;7,00;10,56
8;1;382901;10/09/2015;1;2000;8,00;2,56
8;1;382901;10/09/2015;1;2003;8,00;0,84
8;1;382901;10/09/2015;1;2500;8,00;2,56
8;1;382901;10/09/2015;1;2505;0,00;10,56
8;1;382901;10/09/2015;1;9030;8,00;0,84
8;1;382912;05/12/2016;1;200;20,00;1,62
8;1;382912;05/12/2016;1;366;0,00;7,29
8;1;382912;05/12/2016;1;651;6,00;1,21
8;1;382912;05/12/2016;1;659;0,00;0,40
8;1;382912;05/12/2016;1;850;5,00;1,01
8;1;382912;05/12/2016;1;900;1,00;0,20
8;1;382912;05/12/2016;1;950;39,00;3,16
8;1;382912;05/12/2016;1;2000;8,00;0,71
8;1;382912;05/12/2016;1;2003;8,00;0,08
8;1;382912;05/12/2016;1;2505;0,00;1,21
8;1;382915;08/10/2013;1;200;1,00;1,82
8;1;382915;08/10/2013;1;363;0,00;0,82
8;1;382915;08/10/2013;1;366;0,00;199,37
8;1;382915;08/10/2013;1;651;4,00;18,14
8;1;382915;08/10/2013;1;659;0,00;6,05
8;1;382915;08/10/2013;1;850;4,00;18,14
8;1;382915;08/10/2013;1;2000;8,00;16,16
8;1;382915;08/10/2013;1;2003;8,00;1,45
8;1;382915;08/10/2013;1;2500;8,00;16,16
8;1;382915;08/10/2013;1;2505;0,00;18,14
8;1;382915;08/10/2013;1;9030;8,00;1,45
8;1;382916;08/10/2013;1;200;17,00;30,83
8;1;382916;08/10/2013;1;363;0,00;3,61
8;1;382916;08/10/2013;1;366;0,00;144,96
8;1;382916;08/10/2013;1;651;3,00;13,60
8;1;382916;08/10/2013;1;659;0,00;4,53
8;1;382916;08/10/2013;1;850;4,00;18,14
8;1;382916;08/10/2013;1;2000;8,00;14,35
8;1;382916;08/10/2013;1;2003;8,00;1,45
8;1;382916;08/10/2013;1;2500;8,00;14,35
8;1;382916;08/10/2013;1;2505;0,00;18,14
8;1;382916;08/10/2013;1;9030;8,00;1,45
8;1;382918;08/10/2013;1;200;2,00;3,62
8;1;382918;08/10/2013;1;363;0,00;1,70
8;1;382918;08/10/2013;1;366;0,00;36,14
8;1;382918;08/10/2013;1;651;1,00;4,54
8;1;382918;08/10/2013;1;659;0,00;1,51
8;1;382918;08/10/2013;1;850;1,00;4,54
8;1;382918;08/10/2013;1;2000;8,00;3,31
8;1;382918;08/10/2013;1;2003;8,00;0,36
8;1;382918;08/10/2013;1;2500;8,00;3,31
8;1;382918;08/10/2013;1;2505;0,00;4,54
8;1;382918;08/10/2013;1;9030;8,00;0,36
8;1;382920;01/10/2013;1;200;11,00;19,95
8;1;382920;01/10/2013;1;1957;0,00;2,93
8;1;382920;01/10/2013;1;2000;8,00;1,83
8;1;382920;01/10/2013;1;2500;8,00;1,83
8;1;382941;08/10/2013;1;200;3,00;5,44
8;1;382941;08/10/2013;1;363;0,00;1,70
8;1;382941;08/10/2013;1;366;0,00;34,33
8;1;382941;08/10/2013;1;651;1,00;4,54
8;1;382941;08/10/2013;1;659;0,00;1,51
8;1;382941;08/10/2013;1;850;1,00;4,54
8;1;382941;08/10/2013;1;2000;8,00;3,31
8;1;382941;08/10/2013;1;2003;8,00;0,36
8;1;382941;08/10/2013;1;2500;8,00;3,31
8;1;382941;08/10/2013;1;2505;0,00;4,54
8;1;382941;08/10/2013;1;9030;8,00;0,36
8;1;382946;08/10/2013;1;200;11,00;19,95
8;1;382946;08/10/2013;1;366;0,00;77,90
8;1;382946;08/10/2013;1;651;2,00;9,06
8;1;382946;08/10/2013;1;659;0,00;3,02
8;1;382946;08/10/2013;1;2000;8,00;7,82
8;1;382946;08/10/2013;1;2500;8,00;7,82
8;1;382951;22/10/2014;1;650;12,00;31,66
8;1;382951;22/10/2014;1;651;4,00;7,37
8;1;382951;22/10/2014;1;659;0,00;13,01
8;1;382951;22/10/2014;1;850;4,00;34,71
8;1;382951;22/10/2014;1;900;1,00;2,63
8;1;382951;22/10/2014;1;950;33,00;32,70
8;1;382951;22/10/2014;1;1962;0,00;80,06
8;1;382951;22/10/2014;1;2000;8,00;6,40
8;1;382951;22/10/2014;1;2003;8,00;2,77
8;1;382951;22/10/2014;1;2505;0,00;37,34
8;1;382975;08/10/2013;1;200;16,00;29,02
8;1;382975;08/10/2013;1;366;0,00;16,26
8;1;382975;08/10/2013;1;651;1,00;4,54
8;1;382975;08/10/2013;1;659;0,00;1,51
8;1;382975;08/10/2013;1;850;1,00;4,54
8;1;382975;08/10/2013;1;2000;8,00;3,62
8;1;382975;08/10/2013;1;2003;8,00;0,36
8;1;382975;08/10/2013;1;2500;8,00;3,62
8;1;382975;08/10/2013;1;2505;0,00;4,54
8;1;382975;08/10/2013;1;9030;8,00;0,36
8;1;383001;09/02/2015;1;233;0,00;775,50
8;1;383002;16/02/2015;1;200;30,00;12,29
8;1;383002;16/02/2015;1;366;0,00;30,40
8;1;383002;16/02/2015;1;2000;8,00;3,41
8;1;383002;16/02/2015;1;2500;8,00;3,41
8;1;383052;01/10/2013;1;200;17,00;30,83
8;1;383052;01/10/2013;1;364;0,00;2,13
8;1;383052;01/10/2013;1;366;0,00;14,51
8;1;383052;01/10/2013;1;651;1,00;4,54
8;1;383052;01/10/2013;1;659;0,00;1,51
8;1;383052;01/10/2013;1;850;1,00;4,54
8;1;383052;01/10/2013;1;1957;0,00;4,53
8;1;383052;01/10/2013;1;2000;8,00;4,16
8;1;383052;01/10/2013;1;2003;8,00;0,36
8;1;383052;01/10/2013;1;2500;8,00;4,16
8;1;383052;01/10/2013;1;2505;0,00;4,54
8;1;383052;01/10/2013;1;9030;8,00;0,36
8;1;383059;12/05/2016;1;304;220,00;105,50
8;1;383059;12/05/2016;1;2000;8,00;8,44
8;1;383064;13/06/2016;1;284;18,00;98,92
8;1;383064;13/06/2016;1;2000;8,00;7,91
8;1;383078;14/05/2019;1;1955;0,00;688,00
8;1;383079;14/01/2015;1;230;1,00;1038,40
8;1;383090;09/09/2013;1;1972;0,00;195,52
8;1;383090;09/09/2013;1;2000;8,00;15,64
8;1;383090;09/09/2013;1;2500;8,00;15,64
8;1;383102;01/12/2015;1;200;1,00;3,41
8;1;383102;01/12/2015;1;366;0,00;4,26
8;1;383102;01/12/2015;1;651;11,00;3,91
8;1;383102;01/12/2015;1;659;0,00;1,30
8;1;383102;01/12/2015;1;850;5,00;1,78
8;1;383102;01/12/2015;1;2000;8,00;0,61
8;1;383102;01/12/2015;1;2003;8,00;0,14
8;1;383102;01/12/2015;1;2500;8,00;0,61
8;1;383102;01/12/2015;1;2505;0,00;1,78
8;1;383102;01/12/2015;1;9030;8,00;0,14
8;1;383120;12/12/2014;1;286;5,23;0,02
8;1;383120;12/12/2014;1;650;12,00;6,19
8;1;383120;12/12/2014;1;651;5,00;1,80
8;1;383120;12/12/2014;1;659;0,00;1,27
8;1;383120;12/12/2014;1;900;1,00;0,45
8;1;383120;12/12/2014;1;950;33,00;3,24
8;1;383120;12/12/2014;1;1962;0,00;63,46
8;1;383120;12/12/2014;1;1972;0,00;5,01
8;1;383120;12/12/2014;1;2000;8,00;5,47
8;1;383120;12/12/2014;1;2505;0,00;0,45
8;1;383152;01/12/2014;1;363;0,00;0,98
8;1;383152;01/12/2014;1;364;0,00;10,23
8;1;383152;01/12/2014;1;2000;8,00;0,89
8;1;383152;01/12/2014;1;2500;8,00;0,89
8;1;383158;06/11/2023;1;247;0,00;796,00
8;1;383168;28/01/2014;1;284;8,28;32,37
8;1;383168;28/01/2014;1;2000;8,00;2,58
8;1;383168;28/01/2014;1;2500;8,00;2,58
8;1;383198;25/10/2018;1;364;0,00;59,16
8;1;383198;25/10/2018;1;2000;8,00;4,73
8;1;383198;25/10/2018;1;2500;8,00;4,73
8;1;383199;16/12/2014;1;230;1,00;776,00
8;1;383210;02/05/2019;1;1955;0,00;1622,46
8;1;383230;10/07/2014;1;200;12,00;1,63
8;1;383230;10/07/2014;1;651;9,00;3,05
8;1;383230;10/07/2014;1;659;0,00;1,02
8;1;383230;10/07/2014;1;850;4,00;1,36
8;1;383230;10/07/2014;1;1007;0,00;4,10
8;1;383230;10/07/2014;1;1962;0,00;647,74
8;1;383230;10/07/2014;1;2000;8,00;51,94
8;1;383230;10/07/2014;1;2003;8,00;0,10
8;1;383230;10/07/2014;1;2500;8,00;51,94
8;1;383230;10/07/2014;1;2505;0,00;1,36
8;1;383230;10/07/2014;1;9030;8,00;0,10
8;1;383250;17/09/2014;1;651;6,00;0,60
8;1;383250;17/09/2014;1;659;0,00;0,20
8;1;383250;17/09/2014;1;850;1,00;0,05
8;1;383250;17/09/2014;1;1962;0,00;3,16
8;1;383250;17/09/2014;1;2000;8,00;0,25
8;1;383250;17/09/2014;1;2500;8,00;0,25
8;1;383250;17/09/2014;1;2505;0,00;0,05
8;1;383257;14/08/2018;1;650;12,00;44,39
8;1;383257;14/08/2018;1;651;1,00;3,70
8;1;383257;14/08/2018;1;659;0,00;16,03
8;1;383257;14/08/2018;1;850;7,00;25,90
8;1;383257;14/08/2018;1;900;1,00;3,70
8;1;383257;14/08/2018;1;950;42,00;62,05
8;1;383257;14/08/2018;1;2003;8,00;2,36
8;1;383257;14/08/2018;1;2500;8,00;4,96
8;1;383257;14/08/2018;1;2505;0,00;29,60
8;1;383257;14/08/2018;1;9030;8,00;2,36
8;1;383262;02/02/2015;1;395;0,00;20,80
8;1;383262;02/02/2015;1;2000;8,00;1,66
8;1;383262;02/02/2015;1;2500;8,00;1,66
8;1;383273;29/10/2014;1;950;3,00;117,60
8;1;383314;01/12/2015;1;200;16,00;2,32
8;1;383314;01/12/2015;1;363;0,00;2,89
8;1;383314;01/12/2015;1;364;0,00;15,00
8;1;383314;01/12/2015;1;366;0,00;13,08
8;1;383314;01/12/2015;1;651;11,00;4,00
8;1;383314;01/12/2015;1;659;0,00;1,33
8;1;383314;01/12/2015;1;850;7,00;2,54
8;1;383314;01/12/2015;1;1972;0,00;5,00
8;1;383314;01/12/2015;1;2000;8,00;3,06
8;1;383314;01/12/2015;1;2003;8,00;0,20
8;1;383314;01/12/2015;1;2500;8,00;3,06
8;1;383314;01/12/2015;1;2505;0,00;2,54
8;1;383314;01/12/2015;1;9030;8,00;0,20
8;1;383342;09/01/2014;1;1972;0,00;92,18
8;1;383342;09/01/2014;1;2000;8,00;7,37
4;1;383344;14/05/2021;1;1955;12,00;4067,30
8;1;383365;05/04/2017;1;361;0,00;2118,19
8;1;383365;05/04/2017;1;651;6,00;23,21
8;1;383365;05/04/2017;1;659;0,00;7,74
8;1;383365;05/04/2017;1;1962;0,00;907,49
8;1;383365;05/04/2017;1;2000;8,00;72,59
8;1;383365;05/04/2017;1;2004;7,50;36,02
8;1;383365;05/04/2017;1;2500;8,00;72,59
8;1;383385;22/05/2019;1;1955;0,00;73,74
8;1;383400;01/12/2014;1;200;16,00;6,66
8;1;383400;01/12/2014;1;366;0,00;36,00
8;1;383400;01/12/2014;1;651;10,00;9,99
8;1;383400;01/12/2014;1;659;0,00;3,33
8;1;383400;01/12/2014;1;850;7,00;6,48
8;1;383400;01/12/2014;1;2000;8,00;3,41
8;1;383400;01/12/2014;1;2003;8,00;0,51
8;1;383400;01/12/2014;1;2505;0,00;6,48
8;1;383401;01/12/2014;1;200;16,00;6,66
8;1;383401;01/12/2014;1;366;0,00;36,00
8;1;383401;01/12/2014;1;651;10,00;9,99
8;1;383401;01/12/2014;1;659;0,00;3,33
8;1;383401;01/12/2014;1;850;7,00;6,99
8;1;383401;01/12/2014;1;2000;8,00;3,41
8;1;383401;01/12/2014;1;2003;8,00;0,55
8;1;383401;01/12/2014;1;2505;0,00;6,99
8;1;383402;01/12/2014;1;200;16,00;6,39
8;1;383402;01/12/2014;1;366;0,00;36,00
8;1;383402;01/12/2014;1;651;10,00;9,99
8;1;383402;01/12/2014;1;659;0,00;3,33
8;1;383402;01/12/2014;1;850;7,00;6,99
8;1;383402;01/12/2014;1;2000;8,00;3,39
8;1;383402;01/12/2014;1;2003;8,00;0,55
8;1;383402;01/12/2014;1;2505;0,00;6,99
4;1;383423;13/08/2020;1;1955;12,00;991,97
4;1;383425;17/04/2014;1;200;11,00;12,10
4;1;383425;17/04/2014;1;357;0,00;2,42
4;1;383425;17/04/2014;1;359;0,00;7,50
4;1;383425;17/04/2014;1;363;0,00;0,29
4;1;383425;17/04/2014;1;366;0,00;73,65
4;1;383425;17/04/2014;1;403;0,00;19,76
4;1;383425;17/04/2014;1;651;4,00;11,00
4;1;383425;17/04/2014;1;659;0,00;3,66
4;1;383425;17/04/2014;1;850;2,00;5,49
4;1;383425;17/04/2014;1;900;1,00;2,75
4;1;383425;17/04/2014;1;950;30,00;33,00
4;1;383425;17/04/2014;1;2000;8,00;9,25
4;1;383425;17/04/2014;1;2003;8,00;0,43
4;1;383425;17/04/2014;1;2505;0,00;8,24
8;1;383430;01/12/2014;1;363;0,00;1,00
8;1;383430;01/12/2014;1;364;0,00;19,19
8;1;383430;01/12/2014;1;2000;8,00;1,61
8;1;383430;01/12/2014;1;2500;8,00;1,61
8;1;383453;21/06/2019;1;1972;0,00;91,10
8;1;383453;21/06/2019;1;2000;8,00;7,28
8;1;383453;21/06/2019;1;2500;8,00;7,28
4;1;383456;20/01/2015;1;357;0,00;1,50
4;1;383456;20/01/2015;1;359;0,00;3,60
4;1;383456;20/01/2015;1;366;0,00;24,84
4;1;383456;20/01/2015;1;403;0,00;4,50
4;1;383456;20/01/2015;1;2000;8,00;2,75
4;1;383457;20/01/2015;1;357;0,00;1,50
4;1;383457;20/01/2015;1;359;0,00;3,60
4;1;383457;20/01/2015;1;366;0,00;24,84
4;1;383457;20/01/2015;1;403;0,00;4,50
4;1;383457;20/01/2015;1;2000;8,00;2,75
4;1;383458;20/01/2015;1;357;0,00;1,50
4;1;383458;20/01/2015;1;359;0,00;3,60
4;1;383458;20/01/2015;1;366;0,00;24,84
4;1;383458;20/01/2015;1;403;0,00;4,50
4;1;383458;20/01/2015;1;2000;8,00;2,75
8;1;383471;11/10/2016;1;359;0,00;7,90
8;1;383471;11/10/2016;1;361;0,00;0,42
8;1;383471;11/10/2016;1;363;0,00;3,06
8;1;383471;11/10/2016;1;364;0,00;0,33
8;1;383471;11/10/2016;1;366;0,00;71,10
8;1;383471;11/10/2016;1;2000;8,00;6,59
8;1;383471;11/10/2016;1;2500;8,00;6,59
8;1;383474;30/10/2015;1;359;0,00;12,31
8;1;383474;30/10/2015;1;363;0,00;0,84
8;1;383474;30/10/2015;1;364;0,00;85,75
8;1;383474;30/10/2015;1;366;0,00;190,43
8;1;383474;30/10/2015;1;2000;8,00;23,14
8;1;383481;01/12/2015;1;200;25,00;3,63
8;1;383481;01/12/2015;1;259;8,50;0,83
8;1;383481;01/12/2015;1;265;0,00;0,56
8;1;383481;01/12/2015;1;286;8,00;0,62
8;1;383481;01/12/2015;1;298;13,50;1,33
8;1;383481;01/12/2015;1;650;12,00;4,36
8;1;383481;01/12/2015;1;651;7,00;2,54
8;1;383481;01/12/2015;1;659;0,00;2,30
8;1;383481;01/12/2015;1;850;4,00;1,46
8;1;383481;01/12/2015;1;1972;0,00;6,37
8;1;383481;01/12/2015;1;2000;8,00;1,06
8;1;383481;01/12/2015;1;2003;8,00;0,11
8;1;383481;01/12/2015;1;2500;8,00;1,06
8;1;383481;01/12/2015;1;2505;0,00;1,46
8;1;383481;01/12/2015;1;9030;8,00;0,11
8;1;383483;01/03/2017;1;364;0,00;97,92
8;1;383483;01/03/2017;1;366;0,00;87,37
8;1;383483;01/03/2017;1;2000;8,00;14,82
8;1;383483;01/03/2017;1;2500;8,00;14,82
8;1;383508;01/12/2014;1;363;0,00;2,33
8;1;383508;01/12/2014;1;364;0,00;23,36
8;1;383508;01/12/2014;1;2000;8,00;2,05
8;1;383508;01/12/2014;1;2500;8,00;2,05
8;1;383509;27/01/2014;1;1972;0,00;59,09
8;1;383509;27/01/2014;1;2000;8,00;4,72
8;1;383510;11/12/2014;1;284;1,00;33,97
8;1;383510;11/12/2014;1;2000;8,00;2,71
8;1;383510;11/12/2014;1;2500;8,00;2,71
8;1;383513;24/09/2015;1;265;0,00;0,37
8;1;383513;24/09/2015;1;286;0,50;1,83
8;1;383513;24/09/2015;1;2000;8,00;0,17
8;1;383548;30/10/2015;1;359;0,00;8,21
8;1;383548;30/10/2015;1;364;0,00;104,46
8;1;383548;30/10/2015;1;366;0,00;138,08
8;1;383548;30/10/2015;1;2000;8,00;20,06
8;1;383548;30/10/2015;1;2500;8,00;20,06
8;1;383589;14/02/2014;1;230;1,00;585,60
8;1;383614;04/11/2015;1;359;0,00;4,09
8;1;383614;04/11/2015;1;363;0,00;4,15
8;1;383614;04/11/2015;1;364;0,00;49,41
8;1;383614;04/11/2015;1;366;0,00;119,84
8;1;383614;04/11/2015;1;2000;8,00;14,19
8;1;383614;04/11/2015;1;2500;8,00;14,19
8;1;383638;13/07/2018;1;265;0,00;0,22
8;1;383638;13/07/2018;1;288;1,22;1,08
8;1;383638;13/07/2018;1;2000;8,00;0,10
8;1;383650;19/01/2016;1;259;4,67;47,78
8;1;383650;19/01/2016;1;265;0,00;16,64
8;1;383650;19/01/2016;1;286;4,33;35,44
8;1;383650;19/01/2016;1;650;12,00;5,15
8;1;383650;19/01/2016;1;651;1,00;12,27
8;1;383650;19/01/2016;1;659;0,00;5,81
8;1;383650;19/01/2016;1;2000;8,00;7,98
8;1;383650;19/01/2016;1;2500;8,00;7,98
8;1;383656;28/12/2016;1;368;0,00;80,00
8;1;383657;29/08/2014;1;651;8,00;1,26
8;1;383657;29/08/2014;1;659;0,00;0,42
8;1;383657;29/08/2014;1;1962;0,00;24,70
8;1;383657;29/08/2014;1;2000;8,00;1,97
8;1;383657;29/08/2014;1;2500;8,00;1,97
4;1;383672;28/04/2023;1;1955;12,00;5196,39
8;1;383684;29/12/2014;1;230;1,00;1038,68
8;1;383690;20/05/2016;1;359;0,00;5,45
8;1;383690;20/05/2016;1;363;0,00;3,29
8;1;383690;20/05/2016;1;364;0,00;175,34
8;1;383690;20/05/2016;1;366;0,00;214,30
8;1;383690;20/05/2016;1;2000;8,00;31,87
8;1;383716;01/12/2015;1;200;16,00;2,24
8;1;383716;01/12/2015;1;366;0,00;21,30
8;1;383716;01/12/2015;1;651;10,00;3,55
8;1;383716;01/12/2015;1;659;0,00;1,18
8;1;383716;01/12/2015;1;850;9,00;3,00
8;1;383716;01/12/2015;1;900;1,00;0,35
8;1;383716;01/12/2015;1;950;33,00;4,56
8;1;383716;01/12/2015;1;2000;8,00;1,88
8;1;383716;01/12/2015;1;2003;8,00;0,24
8;1;383716;01/12/2015;1;2505;0,00;3,35
8;1;383719;28/05/2014;1;200;21,00;45,09
8;1;383719;28/05/2014;1;366;0,00;23,62
8;1;383719;28/05/2014;1;651;1,00;5,37
8;1;383719;28/05/2014;1;659;0,00;1,79
8;1;383719;28/05/2014;1;850;1,00;5,37
8;1;383719;28/05/2014;1;1972;0,00;1,47
8;1;383719;28/05/2014;1;2000;8,00;5,61
8;1;383719;28/05/2014;1;2003;8,00;0,42
8;1;383719;28/05/2014;1;2500;8,00;5,61
8;1;383719;28/05/2014;1;2505;0,00;5,37
8;1;383719;28/05/2014;1;9030;8,00;0,42
8;1;383751;01/12/2015;1;200;7,00;0,76
8;1;383751;01/12/2015;1;364;0,00;10,00
8;1;383751;01/12/2015;1;366;0,00;3,26
8;1;383751;01/12/2015;1;650;12,00;3,26
8;1;383751;01/12/2015;1;651;4,00;1,09
8;1;383751;01/12/2015;1;659;0,00;1,45
8;1;383751;01/12/2015;1;850;4,00;1,09
8;1;383751;01/12/2015;1;2000;8,00;1,12
8;1;383751;01/12/2015;1;2003;8,00;0,08
8;1;383751;01/12/2015;1;2500;8,00;1,12
8;1;383751;01/12/2015;1;2505;0,00;1,09
8;1;383751;01/12/2015;1;9030;8,00;0,08
8;1;383752;02/05/2019;1;1955;0,00;738,74
8;1;383757;11/10/2016;1;950;4,00;163,90
8;1;383765;08/07/2016;1;363;0,00;0,43
8;1;383765;08/07/2016;1;364;0,00;74,66
8;1;383765;08/07/2016;1;2000;8,00;6,00
8;1;383769;01/12/2015;1;200;1,00;3,08
8;1;383769;01/12/2015;1;366;0,00;294,52
8;1;383769;01/12/2015;1;651;7,00;53,65
8;1;383769;01/12/2015;1;659;0,00;17,88
8;1;383769;01/12/2015;1;850;7,00;53,65
8;1;383769;01/12/2015;1;2000;8,00;23,80
8;1;383769;01/12/2015;1;2003;8,00;4,29
8;1;383769;01/12/2015;1;2500;8,00;23,80
8;1;383769;01/12/2015;1;2505;0,00;53,65
8;1;383769;01/12/2015;1;9030;8,00;4,29
8;1;383790;01/12/2015;1;200;1,00;0,14
8;1;383790;01/12/2015;1;204;5,00;6,44
8;1;383790;01/12/2015;1;366;0,00;4,26
8;1;383790;01/12/2015;1;558;0,00;2,15
8;1;383790;01/12/2015;1;651;3,00;1,07
8;1;383790;01/12/2015;1;659;0,00;0,36
8;1;383790;01/12/2015;1;850;4,00;1,42
8;1;383790;01/12/2015;1;2000;8,00;1,03
8;1;383790;01/12/2015;1;2003;8,00;0,11
8;1;383790;01/12/2015;1;2500;8,00;1,03
8;1;383790;01/12/2015;1;2505;0,00;1,42
8;1;383790;01/12/2015;1;9030;8,00;0,11
4;1;383793;20/01/2015;1;357;0,00;1,52
4;1;383793;20/01/2015;1;359;0,00;4,56
4;1;383793;20/01/2015;1;366;0,00;4,83
4;1;383793;20/01/2015;1;403;0,00;4,56
4;1;383793;20/01/2015;1;2000;8,00;1,23
4;1;383795;20/01/2015;1;357;0,00;1,28
4;1;383795;20/01/2015;1;359;0,00;3,82
4;1;383795;20/01/2015;1;363;0,00;1,27
4;1;383795;20/01/2015;1;366;0,00;16,71
4;1;383795;20/01/2015;1;403;0,00;3,18
4;1;383795;20/01/2015;1;2000;8,00;2,10
4;1;383798;20/01/2015;1;363;0,00;2,03
4;1;383798;20/01/2015;1;366;0,00;16,71
4;1;383798;20/01/2015;1;2000;8,00;1,49
4;1;383799;20/01/2015;1;359;0,00;0,68
4;1;383799;20/01/2015;1;363;0,00;1,64
4;1;383799;20/01/2015;1;366;0,00;16,71
4;1;383799;20/01/2015;1;2000;8,00;1,52
4;1;383801;20/01/2015;1;363;0,00;2,80
4;1;383801;20/01/2015;1;366;0,00;16,71
4;1;383801;20/01/2015;1;2000;8,00;1,56
8;1;383805;01/12/2014;1;200;12,00;4,79
8;1;383805;01/12/2014;1;366;0,00;12,00
8;1;383805;01/12/2014;1;651;3,00;2,99
8;1;383805;01/12/2014;1;659;0,00;0,99
8;1;383805;01/12/2014;1;850;3,00;2,99
8;1;383805;01/12/2014;1;2000;8,00;1,34
8;1;383805;01/12/2014;1;2003;8,00;0,23
8;1;383805;01/12/2014;1;2500;2,00;0,33
8;1;383805;01/12/2014;1;2505;0,00;2,99
8;1;383805;01/12/2014;1;9030;2,00;0,05
8;1;383807;01/12/2014;1;200;13,00;5,19
8;1;383807;01/12/2014;1;366;0,00;12,00
8;1;383807;01/12/2014;1;651;3,00;2,99
8;1;383807;01/12/2014;1;659;0,00;0,99
8;1;383807;01/12/2014;1;850;3,00;2,99
8;1;383807;01/12/2014;1;2000;8,00;1,37
8;1;383807;01/12/2014;1;2003;8,00;0,23
8;1;383807;01/12/2014;1;2500;2,00;0,34
8;1;383807;01/12/2014;1;2505;0,00;2,99
8;1;383807;01/12/2014;1;9030;2,00;0,05
8;1;383817;01/12/2014;1;200;22,00;8,79
8;1;383817;01/12/2014;1;366;0,00;60,00
8;1;383817;01/12/2014;1;659;0,00;4,00
8;1;383817;01/12/2014;1;850;8,00;8,00
8;1;383817;01/12/2014;1;2000;8,00;5,50
8;1;383817;01/12/2014;1;2003;8,00;0,64
8;1;383817;01/12/2014;1;2500;2,00;1,37
8;1;383817;01/12/2014;1;2505;0,00;8,00
8;1;383817;01/12/2014;1;9030;2,00;0,16
8;1;383837;13/10/2015;1;651;8,00;27,20
8;1;383837;13/10/2015;1;659;0,00;9,07
8;1;383837;13/10/2015;1;850;7,00;37,66
8;1;383837;13/10/2015;1;2003;8,00;3,01
8;1;383837;13/10/2015;1;2505;0,00;37,66
8;1;383837;13/10/2015;1;9030;8,00;3,01
8;1;383848;02/05/2019;1;1955;0,00;654,61
8;1;383907;04/03/2016;1;247;0,00;527,00
4;1;383909;20/01/2015;1;357;0,00;0,99
4;1;383909;20/01/2015;1;359;0,00;2,23
4;1;383909;20/01/2015;1;363;0,00;0,11
4;1;383909;20/01/2015;1;366;0,00;24,55
4;1;383909;20/01/2015;1;403;0,00;2,23
4;1;383909;20/01/2015;1;2000;8,00;2,40
4;1;383909;20/01/2015;1;2500;8,00;2,40
8;1;383950;30/10/2015;1;361;0,00;204,12
8;1;383950;30/10/2015;1;364;0,00;54,43
8;1;383950;30/10/2015;1;2000;8,00;4,35
8;1;383950;30/10/2015;1;2500;8,00;4,35
8;1;383956;14/05/2019;1;1955;0,00;596,27
8;1;383968;22/10/2018;1;900;1,00;9,14
8;1;383968;22/10/2018;1;950;42,00;35,00
8;1;383968;22/10/2018;1;2003;8,00;0,73
8;1;383968;22/10/2018;1;2500;8,00;2,80
8;1;383968;22/10/2018;1;2505;0,00;9,14
8;1;383968;22/10/2018;1;9030;8,00;0,73
8;1;383985;28/09/2015;1;368;0,00;293,00
8;1;383992;04/11/2015;1;200;16,00;8,52
8;1;383992;04/11/2015;1;230;30,00;15,98
8;1;383992;04/11/2015;1;244;0,00;11,30
8;1;383992;04/11/2015;1;650;12,00;15,98
8;1;383992;04/11/2015;1;651;1,00;1,33
8;1;383992;04/11/2015;1;659;0,00;5,77
8;1;383992;04/11/2015;1;850;4,00;5,33
8;1;383992;04/11/2015;1;1962;0,00;310,52
8;1;383992;04/11/2015;1;2000;8,00;26,42
8;1;383992;04/11/2015;1;2003;8,00;0,42
8;1;383992;04/11/2015;1;2505;0,00;5,33
8;1;383992;11/05/2015;1;1962;0,00;164,02
8;1;383992;11/05/2015;1;2000;8,00;13,12
4;1;383995;20/01/2015;1;357;0,00;0,99
4;1;383995;20/01/2015;1;359;0,00;2,97
4;1;383995;20/01/2015;1;366;0,00;28,91
4;1;383995;20/01/2015;1;403;0,00;2,97
4;1;383995;20/01/2015;1;2000;8,00;2,86
4;1;383995;20/01/2015;1;2500;8,00;2,86
8;1;384018;08/10/2015;1;200;15,00;25,94
8;1;384018;08/10/2015;1;258;0,28;0,12
8;1;384018;08/10/2015;1;265;0,00;0,03
8;1;384018;08/10/2015;1;364;0,00;32,85
8;1;384018;08/10/2015;1;651;7,00;30,26
8;1;384018;08/10/2015;1;659;0,00;10,08
8;1;384018;08/10/2015;1;850;8,00;34,59
8;1;384018;08/10/2015;1;2000;8,00;4,71
8;1;384018;08/10/2015;1;2003;8,00;2,76
8;1;384018;08/10/2015;1;2500;8,00;4,71
8;1;384018;08/10/2015;1;2505;0,00;34,59
8;1;384018;08/10/2015;1;9030;8,00;2,76
8;1;384032;02/05/2019;1;1955;0,00;1622,00
8;1;384041;08/10/2015;1;200;3,00;3,85
8;1;384041;08/10/2015;1;364;0,00;54,42
8;1;384041;08/10/2015;1;366;0,00;77,10
8;1;384041;08/10/2015;1;651;9,00;28,91
8;1;384041;08/10/2015;1;659;0,00;9,63
8;1;384041;08/10/2015;1;850;8,00;26,00
8;1;384041;08/10/2015;1;2000;8,00;10,82
8;1;384041;08/10/2015;1;2003;8,00;2,08
8;1;384041;08/10/2015;1;2500;8,00;10,82
8;1;384041;08/10/2015;1;2505;0,00;26,00
8;1;384041;08/10/2015;1;9030;8,00;2,08
8;1;384046;04/11/2015;1;200;19,00;0,16
8;1;384046;04/11/2015;1;359;0,00;19,46
8;1;384046;04/11/2015;1;366;0,00;126,93
8;1;384046;04/11/2015;1;650;12,00;0,26
8;1;384046;04/11/2015;1;651;2,00;0,04
8;1;384046;04/11/2015;1;659;0,00;0,10
8;1;384046;04/11/2015;1;850;5,00;0,11
8;1;384046;04/11/2015;1;2000;8,00;11,72
8;1;384046;04/11/2015;1;2505;0,00;0,11
8;1;384062;14/05/2019;1;1955;0,00;693,12
8;1;384103;05/06/2017;1;364;0,00;40,21
8;1;384103;05/06/2017;1;2000;8,00;3,21
8;1;384103;05/06/2017;1;2500;8,00;3,21
8;1;384104;01/12/2014;1;363;0,00;0,86
8;1;384104;01/12/2014;1;364;0,00;14,36
8;1;384104;01/12/2014;1;2000;8,00;1,21
8;1;384104;01/12/2014;1;2500;8,00;1,21
8;1;384129;06/07/2015;1;950;2,00;84,14
8;1;384181;01/12/2014;1;364;0,00;9,72
8;1;384181;01/12/2014;1;2000;8,00;0,77
8;1;384181;01/12/2014;1;2500;8,00;0,77
8;1;384204;21/09/2017;1;284;0,00;200,18
8;1;384204;21/09/2017;1;2000;8,00;16,01
8;1;384204;21/09/2017;1;2500;8,00;16,01
8;1;384236;08/07/2016;1;363;0,00;11,72
8;1;384236;08/07/2016;1;364;0,00;98,11
8;1;384236;08/07/2016;1;366;0,00;28,84
8;1;384236;08/07/2016;1;2000;8,00;11,09
8;1;384236;08/07/2016;1;2500;8,00;11,09
8;1;384268;04/03/2016;1;247;0,00;527,00
8;1;384268;04/03/2016;1;364;0,00;43,59
8;1;384268;04/03/2016;1;2000;8,00;3,48
8;1;384268;04/03/2016;1;2500;8,00;3,48
8;1;384272;15/03/2016;1;265;0,00;53,81
8;1;384272;15/03/2016;1;286;33,00;269,05
8;1;384272;15/03/2016;1;2000;8,00;25,82
8;1;384272;15/03/2016;1;2500;8,00;25,82
8;1;384289;25/10/2018;1;361;0,00;144,55
8;1;384289;25/10/2018;1;363;0,00;1,12
8;1;384289;25/10/2018;1;364;0,00;55,91
8;1;384289;25/10/2018;1;2000;8,00;4,56
8;1;384289;25/10/2018;1;2500;8,00;4,56
8;1;384293;03/01/2017;1;200;10,00;0,26
8;1;384293;03/01/2017;1;364;0,00;186,59
8;1;384293;03/01/2017;1;651;6,00;0,40
8;1;384293;03/01/2017;1;659;0,00;0,13
8;1;384293;03/01/2017;1;850;10,00;0,66
8;1;384293;03/01/2017;1;1972;0,00;10,19
8;1;384293;03/01/2017;1;2000;8,00;15,76
8;1;384293;03/01/2017;1;2003;8,00;0,05
8;1;384293;03/01/2017;1;2500;8,00;15,76
8;1;384293;03/01/2017;1;2505;0,00;0,66
8;1;384293;03/01/2017;1;9030;8,00;0,05
8;1;384339;01/12/2014;1;363;0,00;0,55
8;1;384339;01/12/2014;1;364;0,00;2,05
8;1;384339;01/12/2014;1;2000;8,00;0,20
8;1;384360;01/12/2014;1;200;25,00;22,39
8;1;384360;01/12/2014;1;364;0,00;7,16
8;1;384360;01/12/2014;1;366;0,00;52,06
8;1;384360;01/12/2014;1;651;3,00;6,72
8;1;384360;01/12/2014;1;659;0,00;2,24
8;1;384360;01/12/2014;1;850;3,00;6,72
8;1;384360;01/12/2014;1;2000;8,00;6,52
8;1;384360;01/12/2014;1;2003;8,00;0,53
8;1;384360;01/12/2014;1;2500;8,00;6,52
8;1;384360;01/12/2014;1;2505;0,00;6,72
8;1;384360;01/12/2014;1;9030;8,00;0,53
8;1;384368;05/12/2016;1;200;4,00;0,33
8;1;384368;05/12/2016;1;366;0,00;9,72
8;1;384368;05/12/2016;1;650;12,00;2,43
8;1;384368;05/12/2016;1;651;3,00;0,61
8;1;384368;05/12/2016;1;659;0,00;1,01
8;1;384368;05/12/2016;1;850;7,00;1,42
8;1;384368;05/12/2016;1;900;1,00;0,20
8;1;384368;05/12/2016;1;950;36,00;2,92
8;1;384368;05/12/2016;1;2000;8,00;0,80
8;1;384368;05/12/2016;1;2003;8,00;0,11
8;1;384368;05/12/2016;1;2505;0,00;1,62
8;1;384398;10/02/2016;1;233;0,00;1342,00
8;1;384442;05/06/2017;1;361;0,00;182,60
8;1;384442;05/06/2017;1;363;0,00;0,31
8;1;384442;05/06/2017;1;364;0,00;107,59
8;1;384442;05/06/2017;1;2000;8,00;8,63
8;1;384462;19/05/2020;1;558;0,00;121,09
8;1;384462;19/05/2020;1;2000;7,50;9,08
8;1;384462;19/05/2020;1;2500;8,00;9,68
8;1;384472;08/05/2019;1;1955;0,00;513,06
8;1;384475;01/12/2014;1;200;7,00;6,27
8;1;384475;01/12/2014;1;363;0,00;1,60
8;1;384475;01/12/2014;1;364;0,00;13,30
8;1;384475;01/12/2014;1;366;0,00;74,36
8;1;384475;01/12/2014;1;651;3,00;6,72
8;1;384475;01/12/2014;1;659;0,00;2,24
8;1;384475;01/12/2014;1;850;3,00;6,72
8;1;384475;01/12/2014;1;2000;8,00;7,64
8;1;384475;01/12/2014;1;2003;8,00;0,53
8;1;384475;01/12/2014;1;2500;8,00;7,64
8;1;384475;01/12/2014;1;2505;0,00;6,72
8;1;384475;01/12/2014;1;9030;8,00;0,53
276;1;384500;19/11/2019;1;248;0,00;195,53
8;1;384502;06/02/2017;1;950;6,00;245,75
8;1;384503;01/12/2014;1;200;12,00;10,74
8;1;384503;01/12/2014;1;366;0,00;41,22
8;1;384503;01/12/2014;1;651;2,00;4,48
8;1;384503;01/12/2014;1;659;0,00;1,49
8;1;384503;01/12/2014;1;850;2,00;4,48
8;1;384503;01/12/2014;1;2000;8,00;4,15
8;1;384503;01/12/2014;1;2003;8,00;0,35
8;1;384503;01/12/2014;1;2505;0,00;4,48
8;1;384507;08/10/2015;1;200;1,00;1,28
8;1;384507;08/10/2015;1;364;0,00;21,86
8;1;384507;08/10/2015;1;366;0,00;38,55
8;1;384507;08/10/2015;1;651;4,00;12,85
8;1;384507;08/10/2015;1;659;0,00;4,28
8;1;384507;08/10/2015;1;850;4,00;12,85
8;1;384507;08/10/2015;1;2000;8,00;4,93
8;1;384507;08/10/2015;1;2003;8,00;1,02
8;1;384507;08/10/2015;1;2500;8,00;4,93
8;1;384507;08/10/2015;1;2505;0,00;12,85
8;1;384507;08/10/2015;1;9030;8,00;1,02
8;1;384517;15/07/2016;1;200;11,00;450,55
8;1;384517;15/07/2016;1;2000;8,00;36,04
8;1;384517;15/07/2016;1;2500;8,00;36,04
8;1;384534;02/05/2019;1;1955;0,00;1392,28
8;1;384539;04/03/2016;1;247;0,00;527,00
8;1;384539;04/03/2016;1;364;0,00;82,09
8;1;384539;04/03/2016;1;2000;8,00;6,56
8;1;384539;04/03/2016;1;2500;8,00;6,56
8;1;384553;19/04/2018;1;650;12,00;1611,83
8;1;384553;19/04/2018;1;659;0,00;537,28
8;1;384555;04/03/2016;1;247;0,00;527,00
8;1;384555;04/03/2016;1;364;0,00;18,16
8;1;384555;04/03/2016;1;2000;8,00;1,45
8;1;384555;04/03/2016;1;2500;8,00;1,45
8;1;384597;02/05/2019;1;1955;0,00;946,45
8;1;384621;08/06/2016;1;366;0,00;28,17
8;1;384621;08/06/2016;1;2000;8,00;2,25
276;1;384630;30/04/2019;1;1967;0,00;108,06
276;1;384630;30/04/2019;1;2000;8,00;8,64
276;1;384630;30/04/2019;1;2500;8,00;8,64
8;1;384637;09/09/2016;1;257;31,06;223,09
8;1;384637;09/09/2016;1;265;0,00;44,62
8;1;384637;09/09/2016;1;950;2,00;81,95
8;1;384637;09/09/2016;1;2000;8,00;21,41
8;1;384638;04/10/2016;1;364;0,00;0,21
8;1;384638;04/10/2016;1;366;0,00;6,32
8;1;384638;04/10/2016;1;2000;8,00;0,52
8;1;384638;04/10/2016;1;2500;8,00;0,52
8;1;384641;15/07/2016;1;200;12,00;268,49
8;1;384641;15/07/2016;1;2000;8,00;21,47
8;1;384641;15/07/2016;1;2500;8,00;21,47
8;1;384649;08/10/2015;1;200;18,00;87,53
8;1;384649;08/10/2015;1;359;0,00;17,29
8;1;384649;08/10/2015;1;364;0,00;27,09
8;1;384649;08/10/2015;1;366;0,00;353,40
8;1;384649;08/10/2015;1;651;7,00;85,09
8;1;384649;08/10/2015;1;659;0,00;28,36
8;1;384649;08/10/2015;1;850;2,00;24,32
8;1;384649;08/10/2015;1;1972;0,00;5,55
8;1;384649;08/10/2015;1;2000;8,00;39,26
8;1;384649;08/10/2015;1;2003;8,00;1,94
8;1;384649;08/10/2015;1;2500;8,00;39,26
8;1;384649;08/10/2015;1;2505;0,00;24,32
8;1;384649;08/10/2015;1;9030;8,00;1,94
8;1;384667;13/09/2018;1;233;0,00;1380,68
4;1;384718;20/01/2015;1;357;0,00;1,22
4;1;384718;20/01/2015;1;359;0,00;3,65
4;1;384718;20/01/2015;1;366;0,00;45,48
4;1;384718;20/01/2015;1;403;0,00;3,65
4;1;384718;20/01/2015;1;2000;8,00;4,32
8;1;384729;10/10/2017;1;368;0,00;29,83
8;1;384730;08/12/2016;1;200;4,00;0,61
8;1;384730;08/12/2016;1;366;0,00;22,60
8;1;384730;08/12/2016;1;651;12,00;4,52
8;1;384730;08/12/2016;1;659;0,00;1,51
8;1;384730;08/12/2016;1;850;8,00;3,01
8;1;384730;08/12/2016;1;2000;8,00;1,85
8;1;384730;08/12/2016;1;2003;8,00;0,24
8;1;384730;08/12/2016;1;2500;8,00;1,85
8;1;384730;08/12/2016;1;2505;0,00;3,01
8;1;384730;08/12/2016;1;9030;8,00;0,24
8;1;384733;05/06/2017;1;361;0,00;123,58
8;1;384753;25/10/2018;1;364;0,00;43,72
8;1;384753;25/10/2018;1;2000;8,00;3,49
8;1;384753;25/10/2018;1;2500;8,00;3,49
8;1;384787;08/04/2015;1;1972;0,00;195,51
8;1;384787;08/04/2015;1;2000;8,00;15,64
8;1;384787;08/04/2015;1;2500;8,00;15,64
8;1;384789;20/11/2015;1;363;0,00;1,11
8;1;384789;20/11/2015;1;364;0,00;21,61
8;1;384789;20/11/2015;1;366;0,00;60,30
8;1;384789;20/11/2015;1;2000;8,00;6,64
8;1;384789;20/11/2015;1;2500;8,00;6,64
8;1;384837;06/01/2015;1;233;0,00;612,00
8;1;384859;08/11/2021;1;247;0,00;713,00
8;1;384876;20/01/2020;1;1972;0,00;48,47
8;1;384876;20/01/2020;1;2000;8,00;3,87
8;1;384876;20/01/2020;1;2500;8,00;3,87
8;1;384891;26/08/2016;1;248;0,00;8,58
8;1;384891;26/08/2016;1;361;0,00;49,54
8;1;384891;26/08/2016;1;364;0,00;2,87
8;1;384891;26/08/2016;1;366;0,00;42,10
8;1;384891;26/08/2016;1;2000;8,00;3,59
8;1;384962;02/05/2019;1;1955;0,00;533,27
8;1;384962;06/05/2019;1;1955;0,00;160,09
8;1;384966;14/01/2016;1;1962;0,00;421,44
8;1;384966;14/01/2016;1;2000;8,00;33,71
276;1;384967;02/05/2019;1;1955;0,00;592,47
8;1;384970;30/10/2015;1;200;10,00;36,35
8;1;384970;30/10/2015;1;359;0,00;3,21
8;1;384970;30/10/2015;1;364;0,00;23,27
8;1;384970;30/10/2015;1;366;0,00;86,09
8;1;384970;30/10/2015;1;651;3,00;27,27
8;1;384970;30/10/2015;1;659;0,00;9,09
8;1;384970;30/10/2015;1;850;1,00;9,09
8;1;384970;30/10/2015;1;1972;0,00;7,52
8;1;384970;30/10/2015;1;2000;8,00;12,51
8;1;384970;30/10/2015;1;2003;8,00;0,72
8;1;384970;30/10/2015;1;2500;8,00;12,51
8;1;384970;30/10/2015;1;2505;0,00;9,09
8;1;384970;30/10/2015;1;9030;8,00;0,72
8;1;384986;09/09/2016;1;200;3,00;0,44
8;1;384986;09/09/2016;1;204;9,00;1,31
8;1;384986;09/09/2016;1;363;0,00;0,04
8;1;384986;09/09/2016;1;364;0,00;13,42
8;1;384986;09/09/2016;1;366;0,00;8,76
8;1;384986;09/09/2016;1;558;0,00;0,44
8;1;384986;09/09/2016;1;651;8,00;2,92
8;1;384986;09/09/2016;1;659;0,00;0,98
8;1;384986;09/09/2016;1;850;7,00;2,55
8;1;384986;09/09/2016;1;2000;8,00;1,95
8;1;384986;09/09/2016;1;2003;8,00;0,20
8;1;384986;09/09/2016;1;2500;8,00;1,95
8;1;384986;09/09/2016;1;2505;0,00;2,55
8;1;384986;09/09/2016;1;9030;8,00;0,20
8;1;385002;20/05/2016;1;200;2,00;9,73
8;1;385002;20/05/2016;1;248;0,00;1,66
8;1;385002;20/05/2016;1;359;0,00;4,32
8;1;385002;20/05/2016;1;361;0,00;28,82
8;1;385002;20/05/2016;1;363;0,00;8,44
8;1;385002;20/05/2016;1;366;0,00;96,84
8;1;385002;20/05/2016;1;651;2,00;24,31
8;1;385002;20/05/2016;1;659;0,00;8,11
8;1;385002;20/05/2016;1;850;1,00;12,16
8;1;385002;20/05/2016;1;2000;8,00;9,54
8;1;385002;20/05/2016;1;2003;8,00;0,97
8;1;385002;20/05/2016;1;2505;0,00;12,16
8;1;385030;20/01/2017;1;364;0,00;4,70
8;1;385030;20/01/2017;1;366;0,00;87,80
8;1;385030;20/01/2017;1;2000;8,00;7,40
8;1;385030;20/01/2017;1;2500;8,00;7,40
8;1;385041;24/06/2015;1;230;1,00;1053,42
8;1;385065;06/07/2015;1;233;0,00;1053,42
8;1;385092;01/12/2015;1;200;1,00;0,80
8;1;385092;01/12/2015;1;651;3,00;6,00
8;1;385092;01/12/2015;1;659;0,00;2,00
8;1;385092;01/12/2015;1;850;3,00;6,00
8;1;385092;01/12/2015;1;2000;8,00;0,06
8;1;385092;01/12/2015;1;2003;8,00;0,48
8;1;385092;01/12/2015;1;2500;8,00;0,06
8;1;385092;01/12/2015;1;2505;0,00;6,00
8;1;385092;01/12/2015;1;9030;8,00;0,48
8;1;385093;02/05/2019;1;1955;0,00;651,13
8;1;385118;16/07/2015;1;257;14,50;104,14
8;1;385118;16/07/2015;1;265;0,00;20,83
8;1;385118;16/07/2015;1;2000;8,00;9,99
8;1;385132;02/05/2019;1;1955;0,00;1664,00
8;1;385178;24/06/2015;1;230;1,00;1053,42
8;1;385181;31/05/2019;1;247;0,00;626,32
8;1;385201;01/12/2015;1;364;0,00;37,28
8;1;385201;01/12/2015;1;2000;8,00;2,98
8;1;385221;02/05/2019;1;1955;0,00;1622,00
8;1;385250;16/06/2015;1;257;7,58;54,44
8;1;385250;16/06/2015;1;265;0,00;10,89
8;1;385250;16/06/2015;1;2000;8,00;5,22
8;1;385250;16/06/2015;1;2500;8,00;5,22
8;1;385267;08/06/2016;1;200;12,00;10,41
8;1;385267;08/06/2016;1;359;0,00;36,71
8;1;385267;08/06/2016;1;364;0,00;11,90
8;1;385267;08/06/2016;1;366;0,00;248,63
8;1;385267;08/06/2016;1;650;12,00;26,03
8;1;385267;08/06/2016;1;651;2,00;4,33
8;1;385267;08/06/2016;1;659;0,00;10,12
8;1;385267;08/06/2016;1;850;3,00;6,51
8;1;385267;08/06/2016;1;900;2,00;4,34
8;1;385267;08/06/2016;1;950;33,00;28,63
8;1;385267;08/06/2016;1;1972;0,00;0,63
8;1;385267;08/06/2016;1;2000;8,00;24,66
8;1;385267;08/06/2016;1;2003;8,00;0,52
8;1;385267;08/06/2016;1;2505;0,00;10,85
8;1;385305;01/12/2016;1;200;16,00;1,34
8;1;385305;01/12/2016;1;366;0,00;2,50
8;1;385305;01/12/2016;1;650;12,00;2,50
8;1;385305;01/12/2016;1;651;1,00;0,21
8;1;385305;01/12/2016;1;659;0,00;0,90
8;1;385305;01/12/2016;1;850;5,00;1,04
8;1;385305;01/12/2016;1;2000;8,00;0,30
8;1;385305;01/12/2016;1;2003;8,00;0,08
8;1;385305;01/12/2016;1;2505;0,00;1,04
8;1;385306;08/12/2016;1;200;16,00;1,34
8;1;385306;08/12/2016;1;366;0,00;9,72
8;1;385306;08/12/2016;1;650;12,00;2,33
8;1;385306;08/12/2016;1;651;1,00;0,21
8;1;385306;08/12/2016;1;659;0,00;0,85
8;1;385306;08/12/2016;1;850;5,00;1,04
8;1;385306;08/12/2016;1;2000;8,00;0,88
8;1;385306;08/12/2016;1;2003;8,00;0,08
8;1;385306;08/12/2016;1;2505;0,00;1,04
8;1;385308;05/12/2016;1;200;16,00;1,34
8;1;385308;05/12/2016;1;366;0,00;2,50
8;1;385308;05/12/2016;1;650;12,00;2,50
8;1;385308;05/12/2016;1;651;1,00;0,21
8;1;385308;05/12/2016;1;659;0,00;0,90
8;1;385308;05/12/2016;1;850;4,00;0,84
8;1;385308;05/12/2016;1;2000;8,00;0,30
8;1;385308;05/12/2016;1;2003;8,00;0,06
8;1;385308;05/12/2016;1;2505;0,00;0,84
8;1;385315;05/12/2016;1;200;16,00;1,34
8;1;385315;05/12/2016;1;366;0,00;2,50
8;1;385315;05/12/2016;1;650;12,00;2,50
8;1;385315;05/12/2016;1;651;1,00;0,21
8;1;385315;05/12/2016;1;659;0,00;0,90
8;1;385315;05/12/2016;1;850;5,00;2,00
8;1;385315;05/12/2016;1;2000;8,00;0,30
8;1;385315;05/12/2016;1;2003;8,00;0,16
8;1;385315;05/12/2016;1;2505;0,00;2,00
8;1;385316;05/12/2016;1;200;16,00;1,01
8;1;385316;05/12/2016;1;366;0,00;2,50
8;1;385316;05/12/2016;1;650;12,00;2,50
8;1;385316;05/12/2016;1;651;1,00;0,21
8;1;385316;05/12/2016;1;659;0,00;0,90
8;1;385316;05/12/2016;1;850;4,00;0,84
8;1;385316;05/12/2016;1;2000;8,00;0,28
8;1;385316;05/12/2016;1;2003;8,00;0,06
8;1;385316;05/12/2016;1;2505;0,00;0,84
8;1;385333;01/11/2017;1;363;0,00;0,31
8;1;385333;01/11/2017;1;364;0,00;21,28
8;1;385333;01/11/2017;1;2000;8,00;1,72
8;1;385334;08/05/2019;1;1955;0,00;513,20
8;1;385343;18/07/2016;1;364;0,00;29,19
8;1;385343;18/07/2016;1;1972;0,00;3,31
8;1;385343;18/07/2016;1;2000;8,00;2,60
8;1;385343;18/07/2016;1;2500;8,00;2,60
8;1;385344;14/04/2016;1;200;15,00;23,01
8;1;385344;14/04/2016;1;651;11,00;42,18
8;1;385344;14/04/2016;1;659;0,00;14,06
8;1;385344;14/04/2016;1;850;3,00;11,50
8;1;385344;14/04/2016;1;1962;0,00;46,02
8;1;385344;14/04/2016;1;2000;8,00;5,52
8;1;385344;14/04/2016;1;2003;8,00;0,92
8;1;385344;14/04/2016;1;2500;2,00;1,38
8;1;385344;14/04/2016;1;2505;0,00;11,50
8;1;385344;14/04/2016;1;9030;2,00;0,23
8;1;385362;15/05/2019;1;1955;0,00;513,10
8;1;385401;08/05/2019;1;1955;0,00;513,65
8;1;385421;19/05/2020;1;558;0,00;160,15
8;1;385421;19/05/2020;1;2000;7,50;12,01
8;1;385421;19/05/2020;1;2500;8,00;12,81
8;1;385437;05/12/2016;1;200;5,00;0,61
8;1;385437;05/12/2016;1;651;12,00;3,61
8;1;385437;05/12/2016;1;659;0,00;1,20
8;1;385437;05/12/2016;1;850;3,00;0,90
8;1;385437;05/12/2016;1;900;1,00;0,40
8;1;385437;05/12/2016;1;950;30,00;3,61
8;1;385437;05/12/2016;1;1972;0,00;0,54
8;1;385437;05/12/2016;1;2000;8,00;0,09
8;1;385437;05/12/2016;1;2003;8,00;0,07
8;1;385437;05/12/2016;1;2505;0,00;1,30
8;1;385444;29/07/2015;1;1972;0,00;43,09
8;1;385444;29/07/2015;1;2000;8,00;3,44
8;1;385486;02/05/2019;1;1955;0,00;529,50
8;1;385486;19/09/2018;1;224;0,00;706,00
8;1;385486;19/09/2018;1;2000;8,00;56,48
8;1;385486;19/09/2018;1;2500;8,00;56,48
8;1;385509;11/06/2019;1;1955;0,00;687,40
4;1;385579;13/08/2020;1;1955;12,00;342,32
8;1;385613;01/12/2015;1;284;32,58;156,24
8;1;385613;01/12/2015;1;2000;8,00;12,49
8;1;385613;01/12/2015;1;2500;8,00;12,49
8;1;385640;04/11/2015;1;265;0,00;4,51
8;1;385640;04/11/2015;1;286;3,12;22,55
8;1;385640;04/11/2015;1;2000;8,00;2,16
8;1;385643;02/05/2019;1;1955;0,00;672,48
8;1;385664;14/05/2019;1;1955;0,00;911,57
8;1;385667;14/09/2018;1;238;0,00;53,80
8;1;385702;02/05/2019;1;1955;0,00;1622,00
8;1;385730;13/07/2021;1;364;0,00;25,74
8;1;385730;13/07/2021;1;2000;7,50;1,93
8;1;385730;13/07/2021;1;2500;8,00;2,05
8;1;385758;04/10/2019;1;361;0,00;3,75
8;1;385758;04/10/2019;1;364;0,00;2,55
8;1;385758;04/10/2019;1;2000;8,00;0,20
8;1;385758;04/10/2019;1;2500;8,00;0,20
8;1;385764;31/01/2017;1;200;4,00;4,63
8;1;385764;31/01/2017;1;258;0,33;0,10
8;1;385764;31/01/2017;1;265;0,00;0,02
8;1;385764;31/01/2017;1;363;0,00;9,29
8;1;385764;31/01/2017;1;364;0,00;36,62
8;1;385764;31/01/2017;1;366;0,00;378,97
8;1;385764;31/01/2017;1;651;11,00;31,87
8;1;385764;31/01/2017;1;659;0,00;10,62
8;1;385764;31/01/2017;1;850;9,00;26,03
8;1;385764;31/01/2017;1;900;1,00;2,89
8;1;385764;31/01/2017;1;950;30,00;34,71
8;1;385764;31/01/2017;1;2000;8,00;34,37
8;1;385764;31/01/2017;1;2003;8,00;2,08
8;1;385764;31/01/2017;1;2505;0,00;28,92
8;1;385770;17/06/2021;1;284;0,00;109,12
8;1;385770;17/06/2021;1;2000;7,50;8,18
8;1;385770;17/06/2021;1;2500;8,00;8,72
8;1;385795;28/04/2016;1;257;14,00;102,17
8;1;385795;28/04/2016;1;265;0,00;20,43
8;1;385795;28/04/2016;1;2000;8,00;9,80
8;1;385801;09/12/2016;1;200;15,00;1,80
8;1;385801;09/12/2016;1;363;0,00;0,45
8;1;385801;09/12/2016;1;364;0,00;15,75
8;1;385801;09/12/2016;1;366;0,00;7,22
8;1;385801;09/12/2016;1;651;7,00;2,33
8;1;385801;09/12/2016;1;659;0,00;0,78
8;1;385801;09/12/2016;1;850;6,00;1,80
8;1;385801;09/12/2016;1;900;1,00;0,30
8;1;385801;09/12/2016;1;950;30,00;3,97
8;1;385801;09/12/2016;1;2000;8,00;2,01
8;1;385801;09/12/2016;1;2003;8,00;0,14
8;1;385801;09/12/2016;1;2505;0,00;2,10
8;1;385829;25/03/2024;1;651;1,00;172,78
8;1;385829;25/03/2024;1;900;1,00;172,78
8;1;385829;25/03/2024;1;950;16,00;1105,84
8;1;385829;25/03/2024;1;2003;7,50;12,95
8;1;385829;25/03/2024;1;2500;8,00;88,46
8;1;385829;25/03/2024;1;2505;0,00;172,78
8;1;385829;25/03/2024;1;9030;8,00;13,82
8;1;385856;17/08/2018;1;651;8,00;262,05
8;1;385856;17/08/2018;1;659;0,00;87,35
8;1;385856;17/08/2018;1;900;2,00;85,52
8;1;385856;17/08/2018;1;2003;8,00;6,84
8;1;385856;17/08/2018;1;2505;0,00;85,52
8;1;385856;17/08/2018;1;9030;8,00;6,84
4;1;385867;22/12/2016;1;357;0,00;0,03
4;1;385867;22/12/2016;1;359;0,00;0,08
4;1;385867;22/12/2016;1;366;0,00;0,32
4;1;385867;22/12/2016;1;403;0,00;0,08
4;1;385867;22/12/2016;1;2000;8,00;0,04
4;1;385868;22/12/2016;1;357;0,00;0,03
4;1;385868;22/12/2016;1;359;0,00;0,08
4;1;385868;22/12/2016;1;366;0,00;0,32
4;1;385868;22/12/2016;1;403;0,00;0,08
4;1;385868;22/12/2016;1;2000;8,00;0,04
4;1;385869;22/12/2016;1;357;0,00;0,03
4;1;385869;22/12/2016;1;359;0,00;0,08
4;1;385869;22/12/2016;1;366;0,00;0,32
4;1;385869;22/12/2016;1;403;0,00;0,08
4;1;385869;22/12/2016;1;2000;8,00;0,04
4;1;385870;22/12/2016;1;357;0,00;0,03
4;1;385870;22/12/2016;1;359;0,00;0,08
4;1;385870;22/12/2016;1;366;0,00;0,32
4;1;385870;22/12/2016;1;403;0,00;0,08
4;1;385870;22/12/2016;1;2000;8,00;0,04
4;1;385871;22/12/2016;1;357;0,00;0,03
4;1;385871;22/12/2016;1;359;0,00;0,08
4;1;385871;22/12/2016;1;366;0,00;0,32
4;1;385871;22/12/2016;1;403;0,00;0,08
4;1;385871;22/12/2016;1;2000;8,00;0,04
8;1;385886;31/10/2019;1;257;1,88;17,53
8;1;385886;31/10/2019;1;265;0,00;3,51
8;1;385886;31/10/2019;1;2000;8,00;1,68
8;1;385886;31/10/2019;1;2500;8,00;1,68
4;1;385916;28/04/2017;1;283;0,00;33,85
4;1;385916;28/04/2017;1;2000;8,00;2,70
4;1;385917;28/04/2017;1;283;0,00;33,85
4;1;385917;28/04/2017;1;2000;8,00;2,70
4;1;385918;28/04/2017;1;283;0,00;33,85
4;1;385918;28/04/2017;1;2000;8,00;2,70
282;1;385960;13/05/2021;1;229;0,00;10,85
282;1;385960;13/05/2021;1;361;0,00;11,70
282;1;385960;13/05/2021;1;366;0,00;299,60
282;1;385960;13/05/2021;1;368;1,00;207,02
282;1;385960;13/05/2021;1;2000;7,50;23,28
282;1;385960;13/05/2021;1;2500;8,00;24,83
8;1;385965;19/05/2020;1;558;0,00;250,88
8;1;385965;19/05/2020;1;2000;7,50;18,81
8;1;385965;19/05/2020;1;2500;8,00;20,07
8;1;385971;14/05/2019;1;1955;0,00;733,34
8;1;385974;14/05/2019;1;1955;0,00;690,00
8;1;386000;03/09/2018;1;950;4,00;190,88
8;1;386000;03/09/2018;1;2500;8,00;15,27
8;1;386007;05/12/2016;1;200;12,00;1,44
8;1;386007;05/12/2016;1;364;0,00;0,96
8;1;386007;05/12/2016;1;366;0,00;5,67
8;1;386007;05/12/2016;1;651;2,00;0,60
8;1;386007;05/12/2016;1;659;0,00;0,20
8;1;386007;05/12/2016;1;850;2,00;0,60
8;1;386007;05/12/2016;1;1972;0,00;1,83
8;1;386007;05/12/2016;1;2000;8,00;0,79
8;1;386007;05/12/2016;1;2003;8,00;0,04
8;1;386007;05/12/2016;1;2505;0,00;0,60
8;1;386015;01/06/2017;1;284;4,00;21,98
8;1;386015;01/06/2017;1;2000;8,00;1,75
8;1;386017;05/12/2016;1;200;29,00;6,97
8;1;386017;05/12/2016;1;366;0,00;16,37
8;1;386017;05/12/2016;1;651;6,00;3,60
8;1;386017;05/12/2016;1;659;0,00;1,20
8;1;386017;05/12/2016;1;850;5,00;3,00
8;1;386017;05/12/2016;1;2000;8,00;1,86
8;1;386017;05/12/2016;1;2003;8,00;0,24
8;1;386017;05/12/2016;1;2500;2,00;0,46
8;1;386017;05/12/2016;1;2505;0,00;3,00
8;1;386017;05/12/2016;1;9030;2,00;0,06
8;1;386018;01/07/2017;1;319;0,00;32,97
8;1;386052;21/06/2017;1;200;24,00;28,11
8;1;386052;21/06/2017;1;650;12,00;35,13
8;1;386052;21/06/2017;1;651;1,00;2,93
8;1;386052;21/06/2017;1;659;0,00;12,69
8;1;386052;21/06/2017;1;850;5,00;14,64
8;1;386052;21/06/2017;1;1962;0,00;105,39
8;1;386052;21/06/2017;1;2000;8,00;10,68
8;1;386052;21/06/2017;1;2003;8,00;1,17
8;1;386052;21/06/2017;1;2505;0,00;14,64
8;1;386058;15/07/2016;1;265;0,00;23,79
8;1;386058;15/07/2016;1;286;15,50;118,93
8;1;386058;15/07/2016;1;2000;8,00;11,41
8;1;386063;31/10/2019;1;364;0,00;31,80
8;1;386063;31/10/2019;1;366;0,00;56,55
8;1;386063;31/10/2019;1;2000;8,00;7,06
8;1;386063;31/10/2019;1;2500;8,00;7,06
8;1;386067;14/05/2019;1;1955;0,00;1352,00
8;1;386074;01/08/2017;1;284;0,00;25,32
8;1;386074;01/08/2017;1;2000;8,00;2,02
8;1;386074;01/08/2017;1;2500;8,00;2,02
8;1;386084;18/09/2019;1;319;0,00;87,00
8;1;386087;05/04/2018;1;347;1,00;758,37
8;1;386108;13/11/2023;1;357;0,00;20,37
8;1;386108;13/11/2023;1;362;0,00;61,13
8;1;386108;13/11/2023;1;364;0,00;95,91
8;1;386108;13/11/2023;1;366;0,00;489,76
8;1;386108;13/11/2023;1;2000;7,50;50,03
8;1;386108;13/11/2023;1;2500;8,00;53,37
8;1;386130;09/12/2016;1;200;22,00;2,77
8;1;386130;09/12/2016;1;651;1,00;0,32
8;1;386130;09/12/2016;1;659;0,00;0,11
8;1;386130;09/12/2016;1;850;1,00;0,32
8;1;386130;09/12/2016;1;2000;8,00;0,22
8;1;386130;09/12/2016;1;2003;8,00;0,02
8;1;386130;09/12/2016;1;2500;8,00;0,22
8;1;386130;09/12/2016;1;2505;0,00;0,32
8;1;386130;09/12/2016;1;9030;8,00;0,02
8;1;386143;19/05/2020;1;558;0,00;162,08
8;1;386143;19/05/2020;1;2000;7,50;12,15
8;1;386143;19/05/2020;1;2500;8,00;12,96
8;1;386144;26/10/2017;1;363;0,00;1,40
8;1;386144;26/10/2017;1;364;0,00;14,48
8;1;386144;26/10/2017;1;2000;8,00;1,27
8;1;386144;26/10/2017;1;2500;8,00;1,27
8;1;386176;06/05/2019;1;950;4,00;216,15
8;1;386176;06/05/2019;1;2500;8,00;17,29
8;1;386177;22/05/2019;1;1955;0,00;470,50
8;1;386179;29/11/2019;1;1972;0,00;67,33
8;1;386179;29/11/2019;1;2000;8,00;5,38
8;1;386179;29/11/2019;1;2500;8,00;5,38
8;1;386198;21/06/2019;1;1972;0,00;29,80
8;1;386198;21/06/2019;1;2000;8,00;2,38
8;1;386198;21/06/2019;1;2500;8,00;2,38
4;1;386218;30/04/2025;1;1955;0,00;35406,00
4;1;386218;30/04/2025;1;2012;0,00;6612,87
8;1;386260;05/12/2016;1;200;30,00;15,32
8;1;386260;05/12/2016;1;364;0,00;2,10
8;1;386260;05/12/2016;1;366;0,00;14,81
8;1;386260;05/12/2016;1;651;2,00;2,55
8;1;386260;05/12/2016;1;659;0,00;0,85
8;1;386260;05/12/2016;1;850;2,00;2,55
8;1;386260;05/12/2016;1;1972;0,00;5,02
8;1;386260;05/12/2016;1;2000;8,00;2,98
8;1;386260;05/12/2016;1;2003;8,00;0,20
8;1;386260;05/12/2016;1;2505;0,00;2,55
8;1;386267;11/06/2019;1;1955;0,00;519,43
8;1;386272;08/05/2019;1;1955;0,00;464,84
8;1;386281;05/12/2016;1;200;8,00;3,07
8;1;386281;05/12/2016;1;366;0,00;19,55
8;1;386281;05/12/2016;1;651;2,00;1,92
8;1;386281;05/12/2016;1;659;0,00;0,64
8;1;386281;05/12/2016;1;850;2,00;1,92
8;1;386281;05/12/2016;1;2000;8,00;1,80
8;1;386281;05/12/2016;1;2003;8,00;0,15
8;1;386281;05/12/2016;1;2505;0,00;1,92
8;1;386288;14/11/2018;1;319;0,00;82,04
8;1;386302;08/05/2019;1;1955;0,00;684,08
8;1;386309;03/01/2017;1;200;4,00;115,46
8;1;386309;03/01/2017;1;2000;8,00;9,23
8;1;386365;25/10/2017;1;364;0,00;5,46
8;1;386365;25/10/2017;1;2000;8,00;0,43
8;1;386387;23/11/2021;1;284;0,00;29,17
8;1;386387;23/11/2021;1;2000;7,47;2,18
8;1;386387;23/11/2021;1;2500;8,00;2,33
8;1;386404;06/12/2017;1;294;0,00;8,54
8;1;386429;02/05/2019;1;1955;0,00;683,70
8;1;386437;01/02/2018;1;294;0,00;15,94
8;1;386437;01/02/2018;1;319;0,00;35,88
8;1;386441;11/06/2019;1;1955;0,00;234,51
8;1;386487;24/04/2017;1;265;0,00;19,69
8;1;386487;24/04/2017;1;296;16,00;98,44
8;1;386487;24/04/2017;1;2000;8,00;9,45
4;1;386573;30/04/2025;1;1955;0,00;1013,19
8;1;386590;07/11/2018;1;284;0,00;312,25
8;1;386590;07/11/2018;1;2000;8,00;24,98
8;1;386590;07/11/2018;1;2500;8,00;24,98
8;1;386598;10/09/2018;1;364;0,00;5,29
8;1;386598;10/09/2018;1;2000;8,00;0,42
8;1;386598;10/09/2018;1;2500;8,00;0,42
8;1;386599;29/01/2018;1;224;0,00;267,70
8;1;386599;29/01/2018;1;395;0,00;73,50
8;1;386599;29/01/2018;1;2000;8,00;27,29
8;1;386599;29/01/2018;1;2500;8,00;27,29
8;1;386605;08/05/2019;1;1955;0,00;533,27
8;1;386617;19/05/2020;1;558;0,00;170,04
8;1;386617;19/05/2020;1;2000;7,50;12,75
8;1;386617;19/05/2020;1;2500;8,00;13,60
8;1;386622;03/01/2022;1;650;8,00;1087,17
8;1;386622;03/01/2022;1;659;0,00;362,39
8;1;386687;17/08/2018;1;651;1,00;9,57
8;1;386687;17/08/2018;1;659;0,00;4,78
8;1;386689;11/06/2019;1;1955;0,00;626,72
8;1;386710;18/02/2022;1;364;0,00;2,25
8;1;386710;18/02/2022;1;366;0,00;21,50
8;1;386710;18/02/2022;1;2000;7,49;1,78
8;1;386710;18/02/2022;1;2500;8,00;1,90
8;1;386769;08/08/2017;1;1972;0,00;20,45
8;1;386769;08/08/2017;1;2000;8,00;1,63
8;1;386773;01/08/2018;1;368;23,00;230,00
8;1;386774;23/05/2018;1;284;0,00;95,86
8;1;386774;23/05/2018;1;2000;8,00;7,66
8;1;386774;23/05/2018;1;2500;8,00;7,66
8;1;386794;02/05/2019;1;1955;0,00;1710,20
4;1;386801;28/04/2023;1;1955;12,00;5000,00
8;1;386808;14/05/2019;1;1955;0,00;550,22
8;1;386884;02/05/2019;1;1955;0,00;683,69
8;1;386884;12/01/2019;1;257;6,00;55,94
8;1;386884;12/01/2019;1;259;4,00;49,72
8;1;386884;12/01/2019;1;265;0,00;21,13
8;1;386884;12/01/2019;1;2000;8,00;10,14
8;1;386884;12/01/2019;1;2500;8,00;10,14
8;1;386897;21/06/2019;1;304;0,00;27,98
8;1;386897;21/06/2019;1;2000;8,00;2,23
8;1;386897;21/06/2019;1;2500;8,00;2,23
8;1;386907;04/01/2019;1;363;0,00;0,98
8;1;386907;04/01/2019;1;364;0,00;3,41
8;1;386907;04/01/2019;1;366;0,00;36,45
8;1;386907;04/01/2019;1;2000;8,00;3,26
8;1;386907;04/01/2019;1;2500;8,00;3,26
276;1;386931;02/05/2019;1;1955;0,00;1015,65
8;1;386951;24/01/2020;1;257;7,33;68,34
8;1;386951;24/01/2020;1;265;0,00;13,67
8;1;386951;24/01/2020;1;2000;8,00;6,56
8;1;386951;24/01/2020;1;2500;8,00;6,56
8;1;386976;08/11/2018;1;368;1,00;10,00
8;1;387032;14/05/2019;1;1955;0,00;498,82
8;1;387060;22/06/2020;1;257;10,00;98,77
8;1;387060;22/06/2020;1;259;7,67;101,01
8;1;387060;22/06/2020;1;265;0,00;39,96
8;1;387060;22/06/2020;1;2000;7,50;17,98
8;1;387060;22/06/2020;1;2500;8,00;19,17
8;1;387225;02/05/2019;1;1955;0,00;281,07
8;1;387235;10/11/2023;1;357;0,00;12,98
8;1;387235;10/11/2023;1;359;0,00;9,94
8;1;387235;10/11/2023;1;362;0,00;38,93
8;1;387235;10/11/2023;1;364;0,00;24,50
8;1;387235;10/11/2023;1;365;0,00;11,42
8;1;387235;10/11/2023;1;366;0,00;278,80
8;1;387235;10/11/2023;1;2000;7,50;28,24
8;1;387235;10/11/2023;1;2500;8,00;30,12
8;1;387243;23/12/2021;1;284;0,00;49,71
8;1;387243;23/12/2021;1;2000;7,48;3,72
8;1;387243;23/12/2021;1;2500;8,00;3,97
8;1;387272;10/11/2023;1;357;0,00;58,82
8;1;387272;10/11/2023;1;362;0,00;176,67
8;1;387272;10/11/2023;1;363;0,00;20,02
8;1;387272;10/11/2023;1;364;0,00;34,78
8;1;387272;10/11/2023;1;366;0,00;73,32
8;1;387272;10/11/2023;1;2000;7,50;27,27
8;1;387272;10/11/2023;1;2500;8,00;29,08
8;1;387276;01/02/2018;1;304;0,00;101,07
8;1;387276;01/02/2018;1;2000;8,00;8,08
8;1;387308;13/07/2021;1;361;0,00;90,50
8;1;387308;20/08/2021;1;361;0,00;318,33
8;1;387338;26/01/2018;1;368;2,00;232,00
8;1;387339;19/05/2020;1;558;0,00;167,65
8;1;387339;19/05/2020;1;2000;7,50;12,57
8;1;387339;19/05/2020;1;2500;8,00;13,41
8;1;387373;05/03/2018;1;257;6,00;51,93
8;1;387373;05/03/2018;1;265;0,00;10,39
8;1;387373;05/03/2018;1;2000;8,00;4,98
8;1;387410;08/05/2019;1;1955;0,00;683,69
8;1;387411;14/05/2019;1;1955;0,00;454,92
8;1;387417;02/05/2019;1;1955;0,00;650,99
8;1;387436;09/08/2022;1;319;0,00;96,07
8;1;387447;08/05/2019;1;1955;0,00;481,84
8;1;387457;25/07/2025;1;354;0,00;1754,02
8;1;387459;02/05/2019;1;1955;0,00;605,08
4;1;387482;28/04/2023;1;1955;12,00;1470,00
8;1;387507;22/05/2019;1;1955;0,00;116,25
8;1;387508;02/05/2019;1;1955;0,00;605,08
8;1;387510;22/12/2022;1;224;10,00;285,91
8;1;387510;22/12/2022;1;284;0,00;32,97
8;1;387510;22/12/2022;1;2000;7,50;23,91
8;1;387510;22/12/2022;1;2500;8,00;25,51
8;1;387519;07/12/2018;1;368;11,00;1011,19
8;1;387531;06/02/2019;1;247;0,00;626,00
8;1;387531;28/01/2019;1;259;7,20;84,10
8;1;387531;28/01/2019;1;265;0,00;16,82
8;1;387531;28/01/2019;1;2000;8,00;8,07
8;1;387531;28/01/2019;1;2500;8,00;8,07
8;1;387532;19/02/2019;1;257;6,11;53,53
8;1;387532;19/02/2019;1;265;0,00;10,71
8;1;387532;19/02/2019;1;2000;8,00;5,13
8;1;387532;19/02/2019;1;2500;8,00;5,13
8;1;387543;04/05/2018;1;368;1,00;42,00
8;1;387545;08/05/2019;1;1955;0,00;535,00
8;1;387551;02/04/2019;1;1955;0,00;650,99
8;1;387569;02/05/2019;1;1955;0,00;488,24
8;1;387600;14/05/2019;1;1955;0,00;526,50
8;1;387604;11/06/2019;1;1955;0,00;421,20
8;1;387612;02/05/2019;1;1955;0,00;526,50
8;1;387632;02/07/2018;1;319;0,00;84,24
8;1;387632;09/07/2018;1;305;0,00;40,00
8;1;387632;09/07/2018;1;368;20,00;200,00
8;1;387638;22/05/2019;1;1955;0,00;484,87
8;1;387639;24/05/2018;1;257;1,00;9,20
8;1;387639;24/05/2018;1;265;0,00;1,84
8;1;387639;24/05/2018;1;2000;8,00;0,88
8;1;387678;19/05/2020;1;558;0,00;165,81
8;1;387678;19/05/2020;1;2000;7,50;12,43
8;1;387678;19/05/2020;1;2500;8,00;13,26
8;1;387685;08/05/2019;1;1955;0,00;481,84
4;1;387691;25/04/2019;1;1955;0,00;448,00
8;1;387706;11/10/2019;1;294;0,00;50,00
8;1;387715;10/05/2019;1;319;0,00;14,29
8;1;387733;29/05/2025;1;233;0,00;1102,50
8;1;387735;16/12/2019;1;247;0,00;651,00
8;1;387756;23/12/2020;1;247;0,00;647,60
8;1;387757;04/10/2021;1;361;0,00;67,50
8;1;387757;04/10/2021;1;366;0,00;259,10
8;1;387757;04/10/2021;1;2000;7,50;19,43
8;1;387757;04/10/2021;1;2500;8,00;20,72
8;1;387765;11/01/2023;1;363;0,00;2,23
8;1;387765;11/01/2023;1;364;0,00;11,03
8;1;387765;11/01/2023;1;366;0,00;180,94
8;1;387765;11/01/2023;1;2000;7,50;14,56
8;1;387765;11/01/2023;1;2500;8,00;15,53
8;1;387766;08/10/2018;1;284;0,00;128,50
8;1;387766;08/10/2018;1;2000;8,00;10,28
8;1;387766;08/10/2018;1;2500;8,00;10,28
8;1;387808;09/01/2019;1;233;0,00;1293,60
8;1;387829;14/05/2019;1;1955;0,00;409,00
4;1;387837;30/04/2025;1;1955;0,00;1586,72
4;1;387942;28/04/2022;1;1955;12,00;1448,63
8;1;387980;31/10/2019;1;257;1,07;10,42
8;1;387980;31/10/2019;1;265;0,00;2,08
8;1;387980;31/10/2019;1;2000;8,00;1,00
8;1;387980;31/10/2019;1;2500;8,00;1,00
8;1;388006;19/05/2020;1;558;0,00;162,73
8;1;388006;19/05/2020;1;2000;7,50;12,20
8;1;388006;19/05/2020;1;2500;8,00;13,01
8;1;388032;19/05/2020;1;558;0,00;159,97
8;1;388032;19/05/2020;1;2000;7,50;11,99
8;1;388032;19/05/2020;1;2500;8,00;12,79
276;1;388045;02/05/2019;1;1955;0,00;1354,20
8;1;388071;20/01/2021;1;259;5,82;78,00
8;1;388071;20/01/2021;1;265;0,00;15,60
8;1;388071;20/01/2021;1;284;0,00;7,05
8;1;388071;20/01/2021;1;2000;7,49;7,54
8;1;388071;20/01/2021;1;2500;8,00;8,05
8;1;388090;31/10/2019;1;1966;0,00;24,32
8;1;388131;18/02/2021;1;200;18,00;10,05
8;1;388131;18/02/2021;1;366;0,00;140,18
8;1;388131;18/02/2021;1;650;12,00;16,76
8;1;388131;18/02/2021;1;651;1,00;1,39
8;1;388131;18/02/2021;1;659;0,00;6,06
8;1;388131;18/02/2021;1;850;10,00;13,96
8;1;388131;18/02/2021;1;2000;7,50;11,26
8;1;388131;18/02/2021;1;2003;7,45;1,04
8;1;388131;18/02/2021;1;2500;2,00;3,00
8;1;388131;18/02/2021;1;2505;0,00;13,96
8;1;388131;18/02/2021;1;9030;2,00;0,27
8;1;388187;21/06/2019;1;1972;0,00;85,57
8;1;388187;21/06/2019;1;2000;8,00;6,84
8;1;388187;21/06/2019;1;2500;8,00;6,84
8;1;388207;21/01/2020;1;1972;0,00;142,89
8;1;388207;21/01/2020;1;2000;8,00;11,43
8;1;388207;21/01/2020;1;2500;8,00;11,43
8;1;388213;21/03/2019;1;257;1,51;13,23
8;1;388213;21/03/2019;1;265;0,00;2,65
8;1;388213;21/03/2019;1;284;0,00;41,94
8;1;388213;21/03/2019;1;2000;8,00;4,62
8;1;388213;21/03/2019;1;2500;8,00;4,62
8;1;388240;22/04/2020;1;319;0,00;84,33
8;1;388254;22/06/2019;1;238;0,00;50,00
8;1;388309;11/10/2019;1;368;18,00;189,00
8;1;388314;25/07/2024;1;357;0,00;0,69
8;1;388314;25/07/2024;1;361;0,00;121,86
8;1;388314;25/07/2024;1;362;0,00;2,09
8;1;388314;25/07/2024;1;363;0,00;4,17
8;1;388314;25/07/2024;1;364;0,00;21,91
8;1;388314;25/07/2024;1;366;0,00;78,28
8;1;388314;25/07/2024;1;2000;7,49;8,03
8;1;388314;25/07/2024;1;2500;8,00;8,57
8;1;388325;14/07/2022;1;284;0,00;287,87
8;1;388325;14/07/2022;1;2000;7,50;21,59
8;1;388325;14/07/2022;1;2500;8,00;23,02
8;1;388348;25/07/2025;1;354;0,00;882,14
8;1;388378;29/09/2023;1;1972;0,00;117,73
8;1;388378;29/09/2023;1;2000;7,49;8,82
8;1;388378;29/09/2023;1;2500;8,00;9,41
8;1;388400;25/10/2022;1;364;0,00;36,09
8;1;388400;25/10/2022;1;366;0,00;123,67
8;1;388400;25/10/2022;1;651;9,00;1,44
8;1;388400;25/10/2022;1;659;0,00;0,48
8;1;388400;25/10/2022;1;850;8,00;25,54
8;1;388400;25/10/2022;1;2000;7,50;11,98
8;1;388400;25/10/2022;1;2003;7,48;1,91
8;1;388400;25/10/2022;1;2500;8,00;12,78
8;1;388400;25/10/2022;1;2505;0,00;25,54
8;1;388400;25/10/2022;1;9030;8,00;2,04
8;1;388404;13/12/2021;1;366;0,00;161,70
8;1;388404;13/12/2021;1;2000;7,50;12,12
8;1;388404;13/12/2021;1;2500;8,00;12,93
8;1;388474;19/05/2020;1;558;0,00;508,90
8;1;388474;19/05/2020;1;2000;7,50;38,16
8;1;388474;19/05/2020;1;2500;8,00;40,71
8;1;388494;24/05/2019;1;1966;0,00;154,18
8;1;388530;25/07/2025;1;354;0,00;2009,17
8;1;388548;09/08/2023;1;357;0,00;8,68
8;1;388548;09/08/2023;1;359;0,00;25,50
8;1;388548;09/08/2023;1;362;0,00;26,03
8;1;388548;09/08/2023;1;366;0,00;181,81
8;1;388548;09/08/2023;1;2000;7,50;18,15
8;1;388548;09/08/2023;1;2500;8,00;19,36
4;1;388564;30/04/2025;1;1955;0,00;564,21
8;1;388612;11/09/2019;1;850;1,00;96,21
8;1;388612;11/09/2019;1;2003;8,00;7,69
8;1;388612;11/09/2019;1;2505;0,00;96,21
8;1;388612;11/09/2019;1;9030;8,00;7,69
8;1;388626;28/06/2021;1;224;0,00;703,65
8;1;388626;28/06/2021;1;257;37,88;551,76
8;1;388626;28/06/2021;1;265;0,00;110,35
8;1;388626;28/06/2021;1;2000;7,79;106,41
8;1;388626;28/06/2021;1;2500;8,00;109,26
4;1;388658;30/04/2025;1;1955;0,00;5060,00
8;1;388752;19/05/2020;1;558;0,00;128,74
8;1;388752;19/05/2020;1;2000;7,50;9,65
8;1;388752;19/05/2020;1;2500;8,00;10,29
8;1;388773;18/02/2022;1;361;0,00;34,20
8;1;388773;18/02/2022;1;364;0,00;5,77
8;1;388773;18/02/2022;1;366;0,00;310,70
8;1;388773;18/02/2022;1;2000;7,50;23,73
8;1;388773;18/02/2022;1;2500;8,00;25,31
8;1;388785;04/07/2019;1;284;0,00;12,20
8;1;388785;04/07/2019;1;2000;8,00;0,97
8;1;388785;04/07/2019;1;2500;8,00;0,97
8;1;388800;21/01/2020;1;1972;0,00;107,22
8;1;388800;21/01/2020;1;2000;8,00;8,57
8;1;388800;21/01/2020;1;2500;8,00;8,57
8;1;388815;30/10/2020;1;238;0,00;95,62
8;1;388856;29/08/2019;1;257;24,00;219,72
8;1;388856;29/08/2019;1;265;0,00;43,94
8;1;388856;29/08/2019;1;2000;8,00;21,09
8;1;388856;29/08/2019;1;2500;8,00;21,09
8;1;388896;02/02/2022;1;265;0,00;10,18
8;1;388896;02/02/2022;1;298;3,98;50,90
8;1;388896;02/02/2022;1;2000;7,50;4,58
8;1;388896;02/02/2022;1;2500;8,00;4,88
8;1;388902;19/05/2020;1;558;0,00;118,57
8;1;388902;19/05/2020;1;2000;7,50;8,89
8;1;388902;19/05/2020;1;2500;8,00;9,48
8;1;388911;25/09/2019;1;257;7,00;61,78
8;1;388911;25/09/2019;1;265;0,00;12,36
8;1;388911;25/09/2019;1;2000;8,00;5,93
8;1;388911;25/09/2019;1;2500;8,00;5,93
8;1;388913;24/06/2022;1;224;22,00;653,80
8;1;388913;24/06/2022;1;265;0,00;21,73
8;1;388913;24/06/2022;1;298;5,12;108,67
8;1;388913;24/06/2022;1;2000;7,50;58,81
8;1;388913;24/06/2022;1;2500;8,00;62,73
8;1;389020;30/10/2020;1;238;0,00;40,48
8;1;389050;19/05/2020;1;558;0,00;103,89
8;1;389050;19/05/2020;1;2000;7,50;7,79
8;1;389050;19/05/2020;1;2500;8,00;8,31
8;1;389056;29/11/2019;1;1972;0,00;61,00
8;1;389056;29/11/2019;1;2000;8,00;4,88
8;1;389056;29/11/2019;1;2500;8,00;4,88
8;1;389077;31/10/2019;1;1972;0,00;61,62
8;1;389077;31/10/2019;1;2000;8,00;4,92
8;1;389077;31/10/2019;1;2500;8,00;4,92
8;1;389101;12/11/2019;1;259;4,00;47,07
8;1;389101;12/11/2019;1;265;0,00;9,41
8;1;389101;12/11/2019;1;2000;8,00;4,51
8;1;389101;12/11/2019;1;2500;8,00;4,51
8;1;389113;02/01/2020;1;265;0,00;35,06
8;1;389113;02/01/2020;1;288;17,25;175,28
8;1;389113;02/01/2020;1;2000;8,00;16,82
8;1;389113;02/01/2020;1;2500;8,00;16,82
8;1;389154;31/08/2020;1;304;0,00;503,47
8;1;389154;31/08/2020;1;2000;7,50;37,76
8;1;389154;31/08/2020;1;2500;8,00;40,27
276;1;389187;16/11/2021;1;651;2,00;90,01
276;1;389187;16/11/2021;1;850;10,00;450,05
276;1;389187;16/11/2021;1;900;1,00;45,00
276;1;389187;16/11/2021;1;950;36,00;648,07
276;1;389187;16/11/2021;1;1952;0,00;2,40
276;1;389187;16/11/2021;1;2000;7,50;0,18
276;1;389187;16/11/2021;1;2003;7,50;37,12
276;1;389187;16/11/2021;1;2500;8,00;52,03
276;1;389187;16/11/2021;1;2505;0,00;495,05
276;1;389187;16/11/2021;1;9030;8,00;39,60
8;1;389329;21/01/2020;1;259;5,50;64,72
8;1;389329;21/01/2020;1;265;0,00;12,94
8;1;389329;21/01/2020;1;2000;8,00;6,21
8;1;389329;21/01/2020;1;2500;8,00;6,21
8;1;389346;19/05/2020;1;558;0,00;226,76
8;1;389346;19/05/2020;1;2000;7,50;17,00
8;1;389346;19/05/2020;1;2500;8,00;18,14
8;1;389363;21/01/2020;1;1972;0,00;23,09
8;1;389363;21/01/2020;1;2000;8,00;1,84
8;1;389363;21/01/2020;1;2500;8,00;1,84
8;1;389398;27/06/2023;1;285;0,00;322,36
8;1;389517;23/04/2020;1;284;0,00;21,71
8;1;389517;23/04/2020;1;2000;7,46;1,62
8;1;389517;23/04/2020;1;2500;8,00;1,73
8;1;389524;25/07/2025;1;354;0,00;1700,57
4;1;389550;28/04/2023;1;1955;12,00;300,00
8;1;389558;27/07/2020;1;1972;0,00;23,68
8;1;389558;27/07/2020;1;2000;7,47;1,77
8;1;389558;27/07/2020;1;2500;8,00;1,89
4;1;389563;30/04/2025;1;1955;0,00;1218,36
4;1;389564;24/05/2021;1;1955;11,00;695,21
282;1;389572;13/05/2021;1;366;0,00;132,66
282;1;389572;13/05/2021;1;368;1,00;96,49
282;1;389572;13/05/2021;1;2000;7,49;9,94
282;1;389572;13/05/2021;1;2500;8,00;10,61
8;1;389624;18/05/2020;1;558;0,00;149,20
8;1;389624;18/05/2020;1;2000;7,50;11,19
8;1;389624;18/05/2020;1;2500;8,00;11,93
8;1;389635;19/05/2020;1;558;0,00;111,90
8;1;389635;19/05/2020;1;2000;7,50;8,39
8;1;389635;19/05/2020;1;2500;8,00;8,95
8;1;389638;09/08/2022;1;233;0,00;1873,19
8;1;389640;19/05/2020;1;558;0,00;111,90
8;1;389640;19/05/2020;1;2000;7,50;8,39
8;1;389640;19/05/2020;1;2500;8,00;8,95
8;1;389656;12/08/2020;1;304;0,00;115,45
8;1;389656;12/08/2020;1;2000;7,49;8,65
8;1;389656;12/08/2020;1;2500;8,00;9,23
8;1;389667;19/08/2022;1;200;8,00;4,33
8;1;389667;19/08/2022;1;284;0,00;108,00
8;1;389667;19/08/2022;1;359;0,00;172,33
8;1;389667;19/08/2022;1;363;0,00;0,95
8;1;389667;19/08/2022;1;366;0,00;753,82
8;1;389667;19/08/2022;1;650;12,00;16,26
8;1;389667;19/08/2022;1;651;1,00;10,72
8;1;389667;19/08/2022;1;659;0,00;39,72
8;1;389667;19/08/2022;1;850;5,00;6,20
8;1;389667;19/08/2022;1;2000;7,50;77,95
8;1;389667;19/08/2022;1;2003;7,42;0,46
8;1;389667;19/08/2022;1;2500;8,00;83,15
8;1;389667;19/08/2022;1;2505;0,00;6,20
8;1;389667;19/08/2022;1;9030;8,00;0,49
8;1;389736;15/04/2021;1;1957;0,00;44,76
8;1;389736;15/04/2021;1;2000;7,48;3,35
8;1;389736;15/04/2021;1;2500;8,00;3,58
8;1;389801;19/06/2023;1;357;0,00;4,08
8;1;389801;19/06/2023;1;359;0,00;12,48
8;1;389801;19/06/2023;1;362;0,00;13,41
8;1;389801;19/06/2023;1;363;0,00;8,27
8;1;389801;19/06/2023;1;364;0,00;4,00
8;1;389801;19/06/2023;1;366;0,00;127,24
8;1;389801;19/06/2023;1;2000;7,50;12,71
8;1;389801;19/06/2023;1;2500;8,00;13,55
8;1;389836;25/07/2025;1;354;0,00;2009,17
8;1;389861;23/10/2020;1;265;0,00;15,20
8;1;389861;23/10/2020;1;284;0,00;50,68
8;1;389861;23/10/2020;1;296;8,24;76,02
8;1;389861;23/10/2020;1;2000;7,50;10,64
8;1;389861;23/10/2020;1;2500;8,00;11,35
4;1;389879;30/04/2025;1;1955;0,00;416,85
8;1;390011;24/12/2021;1;650;12,00;1637,57
8;1;390011;24/12/2021;1;659;0,00;545,86
8;1;390011;24/12/2021;1;2505;0,00;817,36
8;1;390011;24/12/2021;1;9030;8,00;65,38
8;1;390052;08/01/2021;1;1966;0,00;537,72
8;1;390138;27/09/2022;1;238;0,00;49,08
8;1;390168;18/02/2022;1;364;0,00;7,13
8;1;390168;18/02/2022;1;366;0,00;38,20
8;1;390168;18/02/2022;1;2000;7,48;3,39
8;1;390168;18/02/2022;1;2500;8,00;3,62
8;1;390231;25/07/2025;1;354;0,00;352,86
8;1;390233;30/08/2021;1;361;0,00;8,25
8;1;390233;30/08/2021;1;364;0,00;4,81
8;1;390233;30/08/2021;1;366;0,00;159,35
8;1;390233;30/08/2021;1;2000;7,50;12,31
8;1;390233;30/08/2021;1;2500;8,00;13,13
8;1;390281;14/02/2022;1;230;30,00;1559,53
8;1;390311;23/08/2024;1;357;0,00;4,63
8;1;390311;23/08/2024;1;359;0,00;6,07
8;1;390311;23/08/2024;1;361;0,00;205,51
8;1;390311;23/08/2024;1;362;0,00;13,90
8;1;390311;23/08/2024;1;363;0,00;0,57
8;1;390311;23/08/2024;1;364;0,00;109,62
8;1;390311;23/08/2024;1;366;0,00;45,08
8;1;390311;23/08/2024;1;2000;7,50;13,49
8;1;390311;23/08/2024;1;2500;8,00;14,38
8;1;390312;31/03/2023;1;284;0,00;174,56
8;1;390312;31/03/2023;1;359;0,00;25,84
8;1;390312;31/03/2023;1;361;0,00;17,26
8;1;390312;31/03/2023;1;364;0,00;0,18
8;1;390312;31/03/2023;1;366;0,00;124,04
8;1;390312;31/03/2023;1;650;12,00;32,57
8;1;390312;31/03/2023;1;651;4,00;10,85
8;1;390312;31/03/2023;1;659;0,00;14,46
8;1;390312;31/03/2023;1;900;1,00;1,78
8;1;390312;31/03/2023;1;950;36,00;39,08
8;1;390312;31/03/2023;1;2000;7,50;24,34
8;1;390312;31/03/2023;1;2003;7,30;0,13
8;1;390312;31/03/2023;1;2500;8,00;29,09
8;1;390312;31/03/2023;1;2505;0,00;1,78
8;1;390312;31/03/2023;1;9030;8,00;0,14
8;1;390340;23/11/2023;1;357;0,00;1,77
8;1;390340;23/11/2023;1;359;0,00;12,52
8;1;390340;23/11/2023;1;362;0,00;5,33
8;1;390340;23/11/2023;1;364;0,00;13,96
8;1;390340;23/11/2023;1;366;0,00;478,92
8;1;390340;23/11/2023;1;2000;7,50;38,43
8;1;390340;23/11/2023;1;2500;8,00;41,00
8;1;390363;02/02/2023;1;233;0,00;1715,48
8;1;390377;10/03/2023;1;284;0,00;93,79
8;1;390377;10/03/2023;1;2000;7,50;7,03
8;1;390377;10/03/2023;1;2500;8,00;7,50
4;1;390403;30/04/2024;1;1955;12,00;643,50
4;1;390426;05/05/2022;1;1955;0,00;614,68
8;1;390460;24/04/2024;1;234;10,00;315,21
8;1;390460;24/04/2024;1;2000;7,50;23,64
8;1;390460;24/04/2024;1;2500;8,00;25,21
8;1;390515;04/08/2022;1;319;0,00;106,00
8;1;390549;02/02/2022;1;265;0,00;7,36
8;1;390549;02/02/2022;1;297;3,70;36,82
8;1;390549;02/02/2022;1;2000;7,49;3,31
8;1;390549;02/02/2022;1;2500;8,00;3,53
8;1;390557;10/11/2023;1;364;0,00;51,59
8;1;390557;10/11/2023;1;366;0,00;156,91
8;1;390557;10/11/2023;1;2000;7,50;15,63
8;1;390557;10/11/2023;1;2500;8,00;16,68
8;1;390614;02/06/2021;1;319;0,00;162,64
8;1;390724;09/02/2024;1;359;0,00;10,96
8;1;390724;09/02/2024;1;361;0,00;4,05
8;1;390724;09/02/2024;1;364;0,00;3,56
8;1;390724;09/02/2024;1;366;0,00;77,51
8;1;390724;09/02/2024;1;401;0,00;4,46
8;1;390724;09/02/2024;1;403;0,00;13,51
8;1;390724;09/02/2024;1;2000;7,50;8,25
8;1;390724;09/02/2024;1;2500;8,00;8,80
8;1;390810;08/11/2021;1;284;0,00;146,55
8;1;390810;08/11/2021;1;2000;7,50;10,99
8;1;390810;08/11/2021;1;2500;8,00;11,72
8;1;390810;21/10/2021;1;284;0,00;195,38
8;1;390810;21/10/2021;1;2000;7,50;14,65
8;1;390810;21/10/2021;1;2500;8,00;15,63
8;1;390812;07/07/2023;1;284;0,00;185,55
8;1;390812;07/07/2023;1;2000;7,50;13,91
8;1;390812;07/07/2023;1;2500;8,00;14,84
8;1;390878;10/11/2023;1;364;0,00;47,05
8;1;390878;10/11/2023;1;366;0,00;101,05
8;1;390878;10/11/2023;1;2000;7,49;11,10
8;1;390878;10/11/2023;1;2500;8,00;11,84
8;1;390880;03/04/2025;1;284;0,00;472,11
8;1;390880;03/04/2025;1;2000;7,50;35,40
8;1;390880;03/04/2025;1;2500;8,00;37,76
8;1;390885;23/12/2021;1;1957;0,00;59,95
8;1;390885;23/12/2021;1;2000;7,49;4,49
8;1;390885;23/12/2021;1;2500;8,00;4,79
8;1;390885;23/12/2021;1;2505;0,00;371,66
8;1;390885;23/12/2021;1;9030;8,00;29,73
8;1;390916;07/03/2022;1;284;0,00;230,88
8;1;390916;07/03/2022;1;2000;7,50;17,31
8;1;390916;07/03/2022;1;2500;8,00;18,47
8;1;390984;26/12/2023;1;244;0,00;16,29
8;1;390984;26/12/2023;1;259;7,57;129,55
8;1;390984;26/12/2023;1;265;0,00;25,91
8;1;390984;26/12/2023;1;2000;7,49;11,65
8;1;390984;26/12/2023;1;2003;7,49;1,22
8;1;390984;26/12/2023;1;2500;8,00;12,43
8;1;390984;26/12/2023;1;2505;0,00;1100,94
8;1;390984;26/12/2023;1;9030;8,00;88,07
8;1;390988;03/12/2025;1;357;0,00;17,95
8;1;390988;03/12/2025;1;359;0,00;62,53
8;1;390988;03/12/2025;1;362;0,00;53,89
8;1;390988;03/12/2025;1;364;0,00;34,71
8;1;390988;03/12/2025;1;366;0,00;33,91
8;1;390988;03/12/2025;1;2000;7,50;15,22
8;1;390988;03/12/2025;1;2500;8,00;16,23
8;1;391019;23/12/2024;1;236;0,00;120,00
8;1;391019;23/12/2024;1;2000;7,50;9,00
8;1;391019;23/12/2024;1;2500;8,00;9,60
8;1;391036;20/05/2022;1;1972;0,00;295,94
8;1;391036;20/05/2022;1;2000;7,50;22,19
8;1;391036;20/05/2022;1;2500;8,00;23,67
8;1;391037;23/03/2023;1;284;0,00;25,19
8;1;391037;23/03/2023;1;2000;7,46;1,88
8;1;391037;23/03/2023;1;2500;8,00;2,01
8;1;391142;10/11/2023;1;364;0,00;20,31
8;1;391142;10/11/2023;1;366;0,00;65,96
8;1;391142;10/11/2023;1;2000;7,50;6,47
8;1;391142;10/11/2023;1;2500;8,00;6,90
276;1;391160;02/10/2024;1;950;3,00;182,00
276;1;391160;02/10/2024;1;2500;8,00;14,56
8;1;391204;29/12/2022;1;364;0,00;18,69
8;1;391204;29/12/2022;1;366;0,00;83,85
8;1;391204;29/12/2022;1;2000;7,50;7,69
8;1;391204;29/12/2022;1;2500;8,00;8,20
8;1;391237;03/11/2025;1;238;0,00;59,13
8;1;391259;12/09/2022;1;265;0,00;17,79
8;1;391259;12/09/2022;1;297;7,47;88,94
8;1;391259;12/09/2022;1;2000;7,50;8,00
8;1;391259;12/09/2022;1;2500;8,00;8,53
8;1;391268;18/04/2023;1;233;0,00;1801,22
8;1;391347;07/01/2022;1;265;0,00;17,58
8;1;391347;07/01/2022;1;298;6,60;87,92
8;1;391347;07/01/2022;1;2000;7,50;7,91
8;1;391347;07/01/2022;1;2500;8,00;8,44
8;1;391358;03/12/2021;1;368;13,00;160,33
8;1;391412;01/12/2025;1;284;0,00;76,63
8;1;391412;01/12/2025;1;2000;7,49;5,74
8;1;391412;01/12/2025;1;2500;8,00;6,13
8;1;391434;20/07/2022;1;284;0,00;562,98
8;1;391434;20/07/2022;1;325;4,44;34,08
8;1;391434;20/07/2022;1;2000;7,50;39,66
8;1;391434;20/07/2022;1;2500;8,00;42,31
8;1;391439;24/07/2025;1;354;0,00;1127,03
8;1;391561;21/12/2022;1;284;0,00;183,78
8;1;391561;21/12/2022;1;2000;7,50;13,78
8;1;391561;21/12/2022;1;2500;8,00;14,70
4;1;391573;30/04/2024;1;1955;12,00;530,70
8;1;391575;05/07/2023;1;650;12,00;1957,81
8;1;391575;05/07/2023;1;659;0,00;652,60
8;1;391601;03/07/2025;1;238;0,00;69,48
4;1;391615;30/04/2025;1;1955;0,00;625,25
4;1;391619;28/04/2023;1;1955;12,00;1233,80
8;1;391620;01/06/2023;1;359;0,00;125,10
8;1;391620;01/06/2023;1;363;0,00;15,43
8;1;391620;01/06/2023;1;366;0,00;277,87
8;1;391620;01/06/2023;1;2000;7,50;31,38
8;1;391620;01/06/2023;1;2500;8,00;33,47
4;1;391627;30/04/2025;1;1955;0,00;625,25
8;1;391828;17/04/2024;1;244;0,00;2,59
8;1;391828;17/04/2024;1;278;0,00;688,25
8;1;391828;17/04/2024;1;357;0,00;2,18
8;1;391828;17/04/2024;1;359;0,00;7,50
8;1;391828;17/04/2024;1;362;0,00;6,55
8;1;391828;17/04/2024;1;363;0,00;2,43
8;1;391828;17/04/2024;1;364;0,00;2,93
8;1;391828;17/04/2024;1;366;0,00;60,74
8;1;391828;17/04/2024;1;378;0,00;0,09
8;1;391828;17/04/2024;1;950;36,00;9,43
8;1;391828;17/04/2024;1;1962;0,00;0,26
8;1;391828;17/04/2024;1;2000;7,50;57,81
8;1;391828;17/04/2024;1;2003;7,34;0,19
8;1;391828;17/04/2024;1;2500;8,00;62,42
8;1;391828;17/04/2024;1;2505;0,00;2,59
8;1;391828;17/04/2024;1;9030;8,00;0,20
8;1;391843;15/08/2025;1;950;6,00;367,86
8;1;391843;15/08/2025;1;2500;8,00;29,42
8;1;391868;01/06/2023;1;359;0,00;95,56
8;1;391868;01/06/2023;1;363;0,00;10,23
8;1;391868;01/06/2023;1;366;0,00;239,11
8;1;391868;01/06/2023;1;2000;7,50;25,86
8;1;391868;01/06/2023;1;2500;8,00;27,59
8;1;391885;30/12/2024;1;259;4,00;68,56
8;1;391885;30/12/2024;1;265;0,00;13,71
8;1;391885;30/12/2024;1;2000;7,50;6,17
8;1;391885;30/12/2024;1;2500;8,00;6,58
8;1;391885;30/12/2024;1;2505;0,00;753,27
8;1;391885;30/12/2024;1;9030;8,00;60,26
8;1;391892;27/03/2024;1;357;0,00;11,05
8;1;391892;27/03/2024;1;362;0,00;33,21
8;1;391892;27/03/2024;1;363;0,00;10,39
8;1;391892;27/03/2024;1;364;0,00;6,70
8;1;391892;27/03/2024;1;366;0,00;95,00
8;1;391892;27/03/2024;1;2000;7,50;11,72
8;1;391892;27/03/2024;1;2500;8,00;12,50
8;1;391913;06/01/2023;1;378;0,00;52,28
8;1;391913;06/01/2023;1;2000;7,50;3,92
8;1;391913;06/01/2023;1;2500;8,00;4,18
8;1;391923;01/06/2023;1;359;0,00;88,41
8;1;391923;01/06/2023;1;363;0,00;9,46
8;1;391923;01/06/2023;1;366;0,00;202,55
8;1;391923;01/06/2023;1;2000;7,50;22,53
8;1;391923;01/06/2023;1;2500;8,00;24,03
8;1;391928;22/05/2024;1;265;0,00;6,68
8;1;391928;22/05/2024;1;298;4,01;33,40
8;1;391928;22/05/2024;1;2000;7,49;3,00
8;1;391928;22/05/2024;1;2500;8,00;3,20
8;1;391943;14/03/2024;1;294;0,00;15,47
4;1;391955;30/04/2024;1;1955;12,00;548,55
8;1;391970;22/03/2023;1;378;0,00;3,30
8;1;391970;22/03/2023;1;2000;7,27;0,24
8;1;391970;22/03/2023;1;2500;8,00;0,26
8;1;392057;01/06/2023;1;359;0,00;54,60
8;1;392057;01/06/2023;1;366;0,00;65,52
8;1;392057;01/06/2023;1;2000;7,49;9,00
8;1;392057;01/06/2023;1;2500;8,00;9,60
4;1;392073;28/04/2023;1;1955;12,00;1007,95
4;1;392077;28/04/2023;1;1955;12,00;1184,90
4;1;392078;28/04/2023;1;1955;12,00;912,69
8;1;392091;01/06/2023;1;359;0,00;54,46
8;1;392091;01/06/2023;1;366;0,00;163,40
8;1;392091;01/06/2023;1;2000;7,50;16,33
8;1;392091;01/06/2023;1;2500;2,00;4,35
8;1;392096;01/06/2023;1;366;0,00;349,40
8;1;392096;01/06/2023;1;2000;7,50;26,20
8;1;392096;01/06/2023;1;2500;8,00;27,95
8;1;392096;24/05/2023;1;265;0,00;14,08
8;1;392096;24/05/2023;1;298;4,30;70,40
8;1;392096;24/05/2023;1;2000;7,49;6,33
8;1;392096;24/05/2023;1;2500;8,00;6,75
8;1;392117;26/07/2024;1;364;0,00;21,41
8;1;392117;26/07/2024;1;2000;7,47;1,60
8;1;392117;26/07/2024;1;2500;8,00;1,71
8;1;392239;03/11/2022;1;319;0,00;79,61
8;1;392295;22/08/2024;1;363;0,00;0,98
8;1;392295;22/08/2024;1;364;0,00;90,75
8;1;392295;22/08/2024;1;366;0,00;15,14
8;1;392295;22/08/2024;1;2000;7,50;8,01
8;1;392295;22/08/2024;1;2500;8,00;8,54
8;1;392317;02/03/2023;1;368;30,00;400,00
8;1;392325;31/01/2023;1;200;26,00;52,61
8;1;392325;31/01/2023;1;359;0,00;35,41
8;1;392325;31/01/2023;1;363;0,00;1,50
8;1;392325;31/01/2023;1;364;0,00;1,34
8;1;392325;31/01/2023;1;366;0,00;121,40
8;1;392325;31/01/2023;1;651;8,00;60,46
8;1;392325;31/01/2023;1;659;0,00;20,15
8;1;392325;31/01/2023;1;850;1,00;5,06
8;1;392325;31/01/2023;1;2000;7,50;15,91
8;1;392325;31/01/2023;1;2003;7,31;0,37
8;1;392325;31/01/2023;1;2500;8,00;16,98
8;1;392325;31/01/2023;1;2505;0,00;5,06
8;1;392325;31/01/2023;1;9030;8,00;0,40
8;1;392330;13/02/2023;1;247;0,00;448,00
8;1;392351;24/11/2023;1;361;0,00;27,22
8;1;392351;24/11/2023;1;364;0,00;10,63
8;1;392351;24/11/2023;1;366;0,00;26,03
8;1;392351;24/11/2023;1;2000;7,47;2,74
8;1;392351;24/11/2023;1;2500;8,00;2,93
8;1;392352;10/11/2023;1;364;0,00;1,28
8;1;392352;10/11/2023;1;366;0,00;19,54
8;1;392352;10/11/2023;1;2000;7,49;1,56
8;1;392352;10/11/2023;1;2500;8,00;1,66
4;1;392361;30/04/2024;1;1955;12,00;643,50
8;1;392370;20/07/2022;1;284;0,00;63,48
8;1;392370;20/07/2022;1;2000;7,50;4,76
8;1;392370;20/07/2022;1;2500;8,00;5,07
8;1;392372;04/01/2024;1;368;18,00;252,00
8;1;392387;27/09/2022;1;238;0,00;80,82
8;1;392462;23/08/2024;1;361;0,00;198,85
8;1;392462;23/08/2024;1;364;0,00;85,79
8;1;392462;23/08/2024;1;2000;7,50;6,43
8;1;392462;23/08/2024;1;2500;8,00;6,86
4;1;392478;30/04/2025;1;1955;0,00;482,35
8;1;392540;09/09/2022;1;368;20,00;246,70
8;1;392573;27/01/2023;1;359;0,00;3,41
8;1;392573;27/01/2023;1;364;0,00;2,73
8;1;392573;27/01/2023;1;366;0,00;39,85
8;1;392573;27/01/2023;1;651;284,00;3,48
8;1;392573;27/01/2023;1;659;0,00;1,16
8;1;392573;27/01/2023;1;2000;7,48;3,44
8;1;392573;27/01/2023;1;2500;8,00;3,67
8;1;392624;04/09/2023;1;257;5,95;69,59
8;1;392624;04/09/2023;1;265;0,00;13,92
8;1;392624;04/09/2023;1;2000;7,50;6,26
8;1;392624;04/09/2023;1;2500;8,00;6,68
8;1;392640;06/08/2024;1;238;0,00;23,84
8;1;392651;02/10/2024;1;200;8,00;138,66
8;1;392651;02/10/2024;1;233;0,00;520,18
8;1;392651;02/10/2024;1;2000;7,49;10,39
8;1;392651;02/10/2024;1;2500;8,00;11,09
8;1;392667;25/01/2024;1;319;0,00;108,90
8;1;392689;14/02/2025;1;233;0,00;1054,51
282;1;392783;16/10/2024;1;229;0,00;0,08
282;1;392783;16/10/2024;1;357;0,00;46,86
282;1;392783;16/10/2024;1;359;0,00;10,82
282;1;392783;16/10/2024;1;362;0,00;140,57
282;1;392783;16/10/2024;1;366;0,00;151,47
282;1;392783;16/10/2024;1;2000;7,50;26,23
282;1;392783;16/10/2024;1;2500;8,00;27,98
4;1;392809;30/04/2025;1;1955;0,00;482,35
8;1;392907;26/07/2023;1;233;0,00;1846,53
4;1;392921;30/04/2025;1;1955;0,00;416,85
8;1;392928;11/11/2022;1;237;1,00;12,45
4;1;392936;13/11/2023;1;651;12,00;1769,00
4;1;392936;13/11/2023;1;659;0,00;589,66
8;1;392944;27/10/2025;1;259;4,00;72,43
8;1;392944;27/10/2025;1;265;0,00;14,49
8;1;392944;27/10/2025;1;2000;7,49;6,51
8;1;392944;27/10/2025;1;2500;8,00;6,95
8;1;392997;06/08/2024;1;238;0,00;65,00
8;1;393012;14/05/2024;1;294;0,00;62,98
8;1;393014;14/03/2024;1;294;0,00;25,75
8;1;393023;08/05/2024;1;265;0,00;17,19
8;1;393023;08/05/2024;1;298;5,25;85,96
8;1;393023;08/05/2024;1;2000;7,49;7,73
8;1;393023;08/05/2024;1;2500;8,00;8,25
8;1;393025;02/04/2025;1;224;12,00;397,16
8;1;393025;02/04/2025;1;335;0,00;367,38
8;1;393025;02/04/2025;1;2000;7,50;29,78
8;1;393025;02/04/2025;1;2500;8,00;31,77
8;1;393079;14/03/2024;1;294;0,00;32,72
8;1;393162;19/06/2023;1;359;0,00;9,83
8;1;393162;19/06/2023;1;364;0,00;30,64
8;1;393162;19/06/2023;1;366;0,00;212,39
8;1;393162;19/06/2023;1;2000;7,50;18,96
8;1;393162;19/06/2023;1;2500;8,00;20,22
8;1;393188;31/05/2023;1;233;0,00;1692,65
8;1;393214;13/11/2023;1;247;0,00;471,90
8;1;393292;01/06/2023;1;366;0,00;270,06
8;1;393292;01/06/2023;1;2000;7,50;20,25
8;1;393292;01/06/2023;1;2500;8,00;21,60
8;1;393413;27/12/2024;1;257;8,00;98,25
8;1;393413;27/12/2024;1;265;0,00;19,65
8;1;393413;27/12/2024;1;2000;7,50;8,84
8;1;393413;27/12/2024;1;2500;8,00;9,43
8;1;393413;27/12/2024;1;2505;0,00;892,19
8;1;393413;27/12/2024;1;9030;8,00;71,37
4;1;393418;30/04/2025;1;1955;0,00;402,00
4;1;393426;30/04/2025;1;1955;0,00;312,70
4;1;393459;30/04/2025;1;1955;0,00;536,00
8;1;393662;08/05/2024;1;368;1,00;420,00
8;1;393914;03/12/2025;1;357;0,00;20,76
8;1;393914;03/12/2025;1;359;0,00;46,93
8;1;393914;03/12/2025;1;362;0,00;62,27
8;1;393914;03/12/2025;1;364;0,00;42,51
8;1;393914;03/12/2025;1;366;0,00;60,22
8;1;393914;03/12/2025;1;2000;7,50;17,45
8;1;393914;03/12/2025;1;2500;8,00;18,61
8;1;393951;14/05/2024;1;294;0,00;67,16
8;1;393979;29/03/2024;1;238;0,00;44,39
8;1;394005;20/01/2025;1;224;8,00;252,15
8;1;394005;20/01/2025;1;2000;7,50;18,91
8;1;394005;20/01/2025;1;2500;8,00;20,17
8;1;394030;14/03/2024;1;294;0,00;56,37
8;1;394051;17/01/2024;1;265;0,00;33,02
8;1;394051;17/01/2024;1;298;10,42;165,10
8;1;394051;17/01/2024;1;399;0,00;160,00
8;1;394051;17/01/2024;1;2000;7,50;26,85
8;1;394051;17/01/2024;1;2500;8,00;28,64
8;1;394126;14/08/2025;1;247;0,00;702,00
8;1;394159;04/09/2024;1;238;0,00;53,29
8;1;394205;14/03/2024;1;294;0,00;56,37
8;1;394258;26/06/2025;1;284;0,00;98,98
8;1;394258;26/06/2025;1;2000;7,50;7,42
8;1;394258;26/06/2025;1;2500;8,00;7,91
8;1;394261;16/07/2025;1;368;30,00;440,00
8;1;394268;15/02/2024;1;233;0,00;1601,39
8;1;394319;22/08/2024;1;361;0,00;66,70
8;1;394319;22/08/2024;1;364;0,00;33,58
8;1;394319;22/08/2024;1;2000;7,47;2,51
8;1;394319;22/08/2024;1;2500;8,00;2,68
8;1;394358;27/03/2024;1;238;0,00;48,47
8;1;394387;24/04/2025;1;319;0,00;119,13
8;1;394401;15/08/2025;1;233;0,00;2063,29
8;1;394411;08/11/2023;1;1966;0,00;1101,57
8;1;394460;02/04/2026;1;399;0,00;220,00
8;1;394460;02/04/2026;1;2000;7,50;16,50
8;1;394460;02/04/2026;1;2500;8,00;17,60
8;1;394592;14/03/2024;1;294;0,00;43,12
8;1;394613;11/11/2024;1;238;0,00;65,00
4;1;394624;30/04/2025;1;1955;0,00;536,00
8;1;394646;06/03/2026;1;1972;0,00;180,70
8;1;394646;06/03/2026;1;2000;7,50;13,55
8;1;394646;06/03/2026;1;2500;8,00;14,45
8;1;394654;24/04/2024;1;294;0,00;71,09
8;1;394670;15/01/2024;1;265;0,00;16,92
8;1;394670;15/01/2024;1;296;7,33;84,58
8;1;394670;15/01/2024;1;399;0,00;160,00
8;1;394670;15/01/2024;1;2000;7,50;19,61
8;1;394670;15/01/2024;1;2500;8,00;20,92
8;1;394673;14/02/2025;1;233;0,00;1414,00
8;1;394731;08/05/2025;1;1962;0,00;515,55
8;1;394731;08/05/2025;1;2000;7,50;38,66
8;1;394731;08/05/2025;1;2500;8,00;41,24
8;1;394763;24/04/2024;1;200;1,00;59,24
8;1;394763;24/04/2024;1;2000;7,49;4,44
8;1;394763;24/04/2024;1;2500;8,00;4,73
8;1;394809;09/02/2024;1;238;0,00;42,27
4;1;394820;30/04/2025;1;1955;0,00;400,00
8;1;394832;09/02/2024;1;238;0,00;168,87
8;1;394845;27/03/2024;1;238;0,00;44,39
8;1;394849;09/06/2025;1;368;30,00;440,00
4;1;394889;30/04/2025;1;1955;0,00;852,85
8;1;394901;02/04/2024;1;265;0,00;19,40
8;1;394901;02/04/2024;1;298;6,05;97,00
8;1;394901;02/04/2024;1;2000;7,50;8,73
8;1;394901;02/04/2024;1;2500;8,00;9,31
8;1;394902;15/03/2024;1;294;0,00;63,92
8;1;394919;26/07/2024;1;230;30,00;1338,75
8;1;394920;06/05/2025;1;950;35,00;20,99
8;1;394920;06/05/2025;1;2500;8,00;1,67
8;1;394999;05/09/2024;1;238;0,00;65,00
8;1;395010;03/01/2025;1;1962;0,00;35,54
8;1;395010;03/01/2025;1;2000;7,48;2,66
8;1;395010;03/01/2025;1;2500;8,00;2,84
8;1;395017;23/08/2024;1;363;0,00;1,18
8;1;395017;23/08/2024;1;364;0,00;22,12
8;1;395017;23/08/2024;1;2000;7,47;1,74
8;1;395017;23/08/2024;1;2500;8,00;1,86
4;1;395018;30/04/2025;1;1955;0,00;357,40
4;1;395033;30/04/2025;1;1955;0,00;446,72
4;1;395045;30/04/2025;1;1955;0,00;434,08
8;1;395082;04/09/2024;1;238;0,00;48,00
8;1;395097;03/07/2025;1;238;0,00;69,48
4;1;395100;30/04/2025;1;1955;0,00;357,38
8;1;395111;02/09/2024;1;265;0,00;33,22
8;1;395111;02/09/2024;1;298;10,15;166,08
8;1;395111;02/09/2024;1;2000;7,50;14,94
8;1;395111;02/09/2024;1;2500;8,00;15,94
8;1;395137;14/05/2024;1;294;0,00;26,00
8;1;395166;06/08/2024;1;238;0,00;43,36
8;1;395213;04/08/2025;1;238;0,00;59,57
8;1;395248;02/01/2025;1;259;6,00;101,18
8;1;395248;02/01/2025;1;265;0,00;20,24
8;1;395248;02/01/2025;1;2000;7,49;9,10
8;1;395248;02/01/2025;1;2500;8,00;9,71
4;1;395352;30/04/2025;1;1955;0,00;974,51
8;1;395441;06/08/2024;1;238;0,00;55,35
8;1;395451;02/10/2024;1;200;1,00;56,42
8;1;395451;02/10/2024;1;2000;7,50;4,23
8;1;395451;02/10/2024;1;2500;8,00;4,51
8;1;395452;06/08/2024;1;334;0,00;85,73
8;1;395494;08/10/2025;1;278;0,00;648,25
8;1;395494;08/10/2025;1;558;0,00;216,08
8;1;395494;08/10/2025;1;651;4,00;216,10
8;1;395494;08/10/2025;1;659;0,00;72,04
8;1;395494;08/10/2025;1;850;9,00;486,19
8;1;395494;08/10/2025;1;1007;0,00;628,81
8;1;395494;08/10/2025;1;1962;0,00;1318,11
8;1;395494;08/10/2025;1;2000;7,96;173,64
8;1;395494;08/10/2025;1;2003;7,50;36,46
8;1;395494;08/10/2025;1;2500;8,00;174,59
8;1;395494;08/10/2025;1;2505;0,00;486,19
8;1;395494;08/10/2025;1;9030;8,00;38,89
8;1;395639;23/12/2024;1;259;4,73;76,43
8;1;395639;23/12/2024;1;265;0,00;15,29
8;1;395639;23/12/2024;1;2000;7,49;6,87
8;1;395639;23/12/2024;1;2500;8,00;7,33
8;1;395639;23/12/2024;1;2505;0,00;293,08
8;1;395639;23/12/2024;1;9030;8,00;23,44
8;1;395640;02/10/2024;1;200;1,00;42,31
8;1;395640;02/10/2024;1;2000;7,49;3,17
8;1;395640;02/10/2024;1;2500;8,00;3,38
8;1;395683;09/10/2025;1;238;0,00;25,00
8;1;395698;03/07/2025;1;361;0,00;2,49
8;1;395733;31/10/2024;1;319;0,00;106,62
8;1;395912;28/12/2024;1;259;9,60;155,11
8;1;395912;28/12/2024;1;265;0,00;31,02
8;1;395912;28/12/2024;1;2000;7,49;13,95
8;1;395912;28/12/2024;1;2500;8,00;14,89
8;1;395912;28/12/2024;1;2505;0,00;168,00
8;1;395912;28/12/2024;1;9030;8,00;13,44
8;1;396057;27/12/2024;1;259;5,34;86,27
8;1;396057;27/12/2024;1;265;0,00;17,25
8;1;396057;27/12/2024;1;2000;7,49;3,32
8;1;396057;27/12/2024;1;2457;7,33;59,20
8;1;396057;27/12/2024;1;2500;8,00;3,54
8;1;396057;27/12/2024;1;2505;0,00;148,09
8;1;396057;27/12/2024;1;9030;8,00;11,84
4;1;396065;30/04/2025;1;1955;0,00;1128,43
8;1;396298;14/02/2025;1;319;0,00;106,62
8;1;396388;18/12/2025;1;319;0,00;84,24
8;1;396412;06/03/2026;1;1972;0,00;48,30
8;1;396412;06/03/2026;1;2000;7,49;3,62
8;1;396412;06/03/2026;1;2500;8,00;3,86
8;1;396457;10/03/2025;1;238;0,00;198,11
8;1;396615;23/05/2025;1;265;0,00;6,32
8;1;396615;23/05/2025;1;296;7,33;31,61
8;1;396615;23/05/2025;1;2000;7,49;2,84
8;1;396615;23/05/2025;1;2500;8,00;3,03
8;1;396670;06/03/2026;1;1972;0,00;36,42
8;1;396670;06/03/2026;1;2000;7,50;2,73
8;1;396670;06/03/2026;1;2500;8,00;2,91
8;1;396766;03/12/2025;1;357;0,00;3,83
8;1;396766;03/12/2025;1;359;0,00;11,50
8;1;396766;03/12/2025;1;362;0,00;11,50
8;1;396766;03/12/2025;1;364;0,00;45,96
8;1;396766;03/12/2025;1;2000;7,49;5,45
8;1;396766;03/12/2025;1;2500;8,00;5,82
8;1;396828;06/03/2026;1;1972;0,00;90,54
8;1;396828;06/03/2026;1;2000;7,50;6,79
8;1;396828;06/03/2026;1;2500;8,00;7,24
8;1;396921;20/01/2026;1;238;0,00;46,86
8;1;396937;02/12/2025;1;284;0,00;221,24
8;1;396937;02/12/2025;1;2000;7,50;16,59
8;1;396937;02/12/2025;1;2500;8,00;17,69
8;1;397011;03/12/2025;1;357;0,00;5,28
8;1;397011;03/12/2025;1;359;0,00;15,82
8;1;397011;03/12/2025;1;362;0,00;15,82
8;1;397011;03/12/2025;1;363;0,00;1,94
8;1;397011;03/12/2025;1;364;0,00;61,09
8;1;397011;03/12/2025;1;2000;7,49;7,49
8;1;397011;03/12/2025;1;2500;8,00;7,99
8;1;397012;03/12/2025;1;357;0,00;3,88
8;1;397012;03/12/2025;1;359;0,00;11,63
8;1;397012;03/12/2025;1;362;0,00;11,63
8;1;397012;03/12/2025;1;363;0,00;1,13
8;1;397012;03/12/2025;1;364;0,00;68,62
8;1;397012;03/12/2025;1;2000;7,49;7,26
8;1;397012;03/12/2025;1;2500;8,00;7,75
8;1;397134;16/04/2026;1;265;0,00;15,87
8;1;397134;16/04/2026;1;298;4,00;79,33
8;1;397134;16/04/2026;1;391;0,00;200,00
8;1;397134;16/04/2026;1;2000;7,50;22,14
8;1;397134;16/04/2026;1;2500;8,00;23,61
8;1;397210;04/08/2025;1;238;0,00;97,24
8;1;397212;06/11/2025;1;259;4,03;76,46
8;1;397212;06/11/2025;1;265;0,00;15,29
8;1;397212;06/11/2025;1;399;0,00;220,00
8;1;397212;06/11/2025;1;2000;7,50;23,38
8;1;397212;06/11/2025;1;2500;8,00;24,94
8;1;397214;04/08/2025;1;238;0,00;97,24
8;1;397287;03/12/2025;1;357;0,00;7,75
8;1;397287;03/12/2025;1;359;0,00;23,25
8;1;397287;03/12/2025;1;362;0,00;23,25
8;1;397287;03/12/2025;1;363;0,00;1,06
8;1;397287;03/12/2025;1;364;0,00;91,71
8;1;397287;03/12/2025;1;366;0,00;0,63
8;1;397287;03/12/2025;1;2000;7,50;11,07
8;1;397287;03/12/2025;1;2500;8,00;11,81
8;1;397445;14/01/2026;1;299;30,82;514,31
8;1;397445;14/01/2026;1;2000;7,50;38,57
8;1;397445;14/01/2026;1;2500;8,00;41,14
8;1;397446;14/01/2026;1;299;1,63;27,20
8;1;397446;14/01/2026;1;2000;7,50;2,04
8;1;397446;14/01/2026;1;2500;8,00;2,17
8;1;397773;19/02/2026;1;230;1,00;1404,00
8;1;397774;28/01/2026;1;368;1,00;310,00
8;1;397864;06/03/2026;1;1972;0,00;47,18
8;1;397864;06/03/2026;1;2000;7,48;3,53
8;1;397864;06/03/2026;1;2500;8,00;3,77
8;1;397873;09/03/2026;1;1972;0,00;19,90
8;1;397873;09/03/2026;1;2000;7,49;1,49
8;1;397873;09/03/2026;1;2500;8,00;1,59
8;1;397875;09/03/2026;1;1972;0,00;130,64
8;1;397875;09/03/2026;1;2000;7,49;9,79
8;1;397875;09/03/2026;1;2500;8,00;10,45
8;1;397879;09/03/2026;1;1972;0,00;82,90
8;1;397879;09/03/2026;1;2000;7,49;6,21
8;1;397879;09/03/2026;1;2500;8,00;6,63
8;1;397890;16/04/2026;1;355;0,00;63,84
8;1;397890;16/04/2026;1;2000;7,49;4,78
8;1;397890;16/04/2026;1;2500;8,00;5,10
8;1;397930;06/03/2026;1;1972;0,00;79,04
8;1;397930;06/03/2026;1;2000;7,49;5,92
8;1;397930;06/03/2026;1;2500;8,00;6,32
8;1;398103;09/03/2026;1;1962;0,00;325,24
8;1;398103;09/03/2026;1;2000;7,50;24,39
8;1;398103;09/03/2026;1;2500;8,00;26,01
